image_ID_index,train_or_test,classifier_class,image_relative_filepath,classifier_class_cnn,classifier_class_autoencoder
1,test,1,../video/frames/test/play/A FINAL FOR THE AGES ｜ Carlos Alcaraz vs Novak Djokovic Full Match ｜ Wimbledon 2023 [5uFAkizQNJI]_frame_0005.jpg,1,1
2,test,1,../video/frames/test/play/A FINAL FOR THE AGES ｜ Carlos Alcaraz vs Novak Djokovic Full Match ｜ Wimbledon 2023 [5uFAkizQNJI]_frame_0006.jpg,1,1
3,test,1,../video/frames/test/play/A FINAL FOR THE AGES ｜ Carlos Alcaraz vs Novak Djokovic Full Match ｜ Wimbledon 2023 [5uFAkizQNJI]_frame_0007.jpg,1,1
4,test,1,../video/frames/test/play/A FINAL FOR THE AGES ｜ Carlos Alcaraz vs Novak Djokovic Full Match ｜ Wimbledon 2023 [5uFAkizQNJI]_frame_0008.jpg,1,1
5,test,1,../video/frames/test/play/A FINAL FOR THE AGES ｜ Carlos Alcaraz vs Novak Djokovic Full Match ｜ Wimbledon 2023 [5uFAkizQNJI]_frame_10463.jpg,1,1
6,test,1,../video/frames/test/play/A FINAL FOR THE AGES ｜ Carlos Alcaraz vs Novak Djokovic Full Match ｜ Wimbledon 2023 [5uFAkizQNJI]_frame_6030.jpg,1,0
7,test,1,../video/frames/test/play/Bjorn Borg vs John McEnroe ｜ Wimbledon 1980 Final ｜ Full Match [hBu0w1-y7mQ]_frame_11475.jpg,1,0
8,test,1,../video/frames/test/play/Bjorn Borg vs John McEnroe ｜ Wimbledon 1980 Final ｜ Full Match [hBu0w1-y7mQ]_frame_7543.jpg,1,0
9,test,1,../video/frames/test/play/Bjorn Borg vs John McEnroe ｜ Wimbledon 1980 Final ｜ Full Match [hBu0w1-y7mQ]_frame_7724.jpg,1,0
10,test,1,../video/frames/test/play/Carlos Alcaraz vs. Casper Ruud Full Match ｜ 2022 US Open Final [HCIhFyeQxu0]_frame_10758.jpg,1,1
11,test,1,../video/frames/test/play/Carlos Alcaraz vs. Casper Ruud Full Match ｜ 2022 US Open Final [HCIhFyeQxu0]_frame_6330.jpg,1,1
12,test,1,../video/frames/test/play/Carlos Alcaraz vs. Casper Ruud Full Match ｜ 2022 US Open Final [HCIhFyeQxu0]_frame_8403.jpg,1,1
13,test,1,../video/frames/test/play/Emma Raducanu vs Leylah Fernandez Full Match ｜ 2021 US Open Final [F99Kz2eptqM]_frame_0020.jpg,1,1
14,test,1,../video/frames/test/play/Emma Raducanu vs Leylah Fernandez Full Match ｜ 2021 US Open Final [F99Kz2eptqM]_frame_0276.jpg,1,1
15,test,1,../video/frames/test/play/Emma Raducanu vs Leylah Fernandez Full Match ｜ 2021 US Open Final [F99Kz2eptqM]_frame_0277.jpg,1,1
16,test,1,../video/frames/test/play/Emma Raducanu vs Leylah Fernandez Full Match ｜ 2021 US Open Final [F99Kz2eptqM]_frame_0278.jpg,1,1
17,test,1,../video/frames/test/play/Emma Raducanu vs Leylah Fernandez Full Match ｜ 2021 US Open Final [F99Kz2eptqM]_frame_0279.jpg,1,1
18,test,1,../video/frames/test/play/Emma Raducanu vs Leylah Fernandez Full Match ｜ 2021 US Open Final [F99Kz2eptqM]_frame_0280.jpg,1,1
19,test,1,../video/frames/test/play/Emma Raducanu vs Leylah Fernandez Full Match ｜ 2021 US Open Final [F99Kz2eptqM]_frame_0281.jpg,1,1
20,test,1,../video/frames/test/play/Emma Raducanu vs Leylah Fernandez Full Match ｜ 2021 US Open Final [F99Kz2eptqM]_frame_0282.jpg,1,1
21,test,1,../video/frames/test/play/Emma Raducanu vs Leylah Fernandez Full Match ｜ 2021 US Open Final [F99Kz2eptqM]_frame_0283.jpg,1,1
22,test,1,../video/frames/test/play/Emma Raducanu vs Leylah Fernandez Full Match ｜ 2021 US Open Final [F99Kz2eptqM]_frame_0284.jpg,1,1
23,test,1,../video/frames/test/play/Emma Raducanu vs Leylah Fernandez Full Match ｜ 2021 US Open Final [F99Kz2eptqM]_frame_0285.jpg,1,1
24,test,1,../video/frames/test/play/Emma Raducanu vs Leylah Fernandez Full Match ｜ 2021 US Open Final [F99Kz2eptqM]_frame_0286.jpg,1,1
25,test,1,../video/frames/test/play/Emma Raducanu vs Leylah Fernandez Full Match ｜ 2021 US Open Final [F99Kz2eptqM]_frame_0287.jpg,1,1
26,test,1,../video/frames/test/play/Emma Raducanu vs Leylah Fernandez Full Match ｜ 2021 US Open Final [F99Kz2eptqM]_frame_0288.jpg,1,1
27,test,1,../video/frames/test/play/Emma Raducanu vs Leylah Fernandez Full Match ｜ 2021 US Open Final [F99Kz2eptqM]_frame_0289.jpg,1,1
28,test,1,../video/frames/test/play/Emma Raducanu vs Leylah Fernandez Full Match ｜ 2021 US Open Final [F99Kz2eptqM]_frame_0290.jpg,1,1
29,test,1,../video/frames/test/play/Emma Raducanu vs Leylah Fernandez Full Match ｜ 2021 US Open Final [F99Kz2eptqM]_frame_0291.jpg,1,1
30,test,1,../video/frames/test/play/Emma Raducanu vs Leylah Fernandez Full Match ｜ 2021 US Open Final [F99Kz2eptqM]_frame_2467.jpg,1,1
31,test,1,../video/frames/test/play/Emma Raducanu vs Leylah Fernandez Full Match ｜ 2021 US Open Final [F99Kz2eptqM]_frame_2468.jpg,1,1
32,test,1,../video/frames/test/play/Emma Raducanu vs Leylah Fernandez Full Match ｜ 2021 US Open Final [F99Kz2eptqM]_frame_2469.jpg,1,1
33,test,1,../video/frames/test/play/Emma Raducanu vs Leylah Fernandez Full Match ｜ 2021 US Open Final [F99Kz2eptqM]_frame_2470.jpg,1,1
34,test,1,../video/frames/test/play/Emma Raducanu vs Leylah Fernandez Full Match ｜ 2021 US Open Final [F99Kz2eptqM]_frame_2471.jpg,1,1
35,test,1,../video/frames/test/play/Emma Raducanu vs Leylah Fernandez Full Match ｜ 2021 US Open Final [F99Kz2eptqM]_frame_2472.jpg,1,1
36,test,1,../video/frames/test/play/Emma Raducanu vs Leylah Fernandez Full Match ｜ 2021 US Open Final [F99Kz2eptqM]_frame_2473.jpg,1,1
37,test,1,../video/frames/test/play/Emma Raducanu vs Leylah Fernandez Full Match ｜ 2021 US Open Final [F99Kz2eptqM]_frame_2474.jpg,1,1
38,test,1,../video/frames/test/play/Emma Raducanu vs Leylah Fernandez Full Match ｜ 2021 US Open Final [F99Kz2eptqM]_frame_3919.jpg,1,1
39,test,1,../video/frames/test/play/Emma Raducanu vs Leylah Fernandez Full Match ｜ 2021 US Open Final [F99Kz2eptqM]_frame_4556.jpg,1,1
40,test,1,../video/frames/test/play/Emma Raducanu vs Leylah Fernandez Full Match ｜ 2021 US Open Final [F99Kz2eptqM]_frame_4557.jpg,1,1
41,test,1,../video/frames/test/play/Emma Raducanu vs Leylah Fernandez Full Match ｜ 2021 US Open Final [F99Kz2eptqM]_frame_4558.jpg,1,1
42,test,1,../video/frames/test/play/Emma Raducanu vs Leylah Fernandez Full Match ｜ 2021 US Open Final [F99Kz2eptqM]_frame_4559.jpg,1,1
43,test,1,../video/frames/test/play/Emma Raducanu vs Leylah Fernandez Full Match ｜ 2021 US Open Final [F99Kz2eptqM]_frame_4560.jpg,1,1
44,test,1,../video/frames/test/play/Emma Raducanu vs Leylah Fernandez Full Match ｜ 2021 US Open Final [F99Kz2eptqM]_frame_4842.jpg,1,1
45,test,1,../video/frames/test/play/Emma Raducanu vs Leylah Fernandez Full Match ｜ 2021 US Open Final [F99Kz2eptqM]_frame_4912.jpg,1,1
46,test,1,../video/frames/test/play/Emma Raducanu vs Leylah Fernandez Full Match ｜ 2021 US Open Final [F99Kz2eptqM]_frame_4913.jpg,1,1
47,test,1,../video/frames/test/play/Emma Raducanu vs Leylah Fernandez Full Match ｜ 2021 US Open Final [F99Kz2eptqM]_frame_4914.jpg,1,1
48,test,1,../video/frames/test/play/Emma Raducanu vs Leylah Fernandez Full Match ｜ 2021 US Open Final [F99Kz2eptqM]_frame_4915.jpg,1,1
49,test,1,../video/frames/test/play/Emma Raducanu vs Leylah Fernandez Full Match ｜ 2021 US Open Final [F99Kz2eptqM]_frame_4916.jpg,1,1
50,test,1,../video/frames/test/play/Emma Raducanu vs Leylah Fernandez Full Match ｜ 2021 US Open Final [F99Kz2eptqM]_frame_4917.jpg,1,1
51,test,1,../video/frames/test/play/Emma Raducanu vs Leylah Fernandez Full Match ｜ 2021 US Open Final [F99Kz2eptqM]_frame_4918.jpg,1,1
52,test,1,../video/frames/test/play/Emma Raducanu vs Leylah Fernandez Full Match ｜ 2021 US Open Final [F99Kz2eptqM]_frame_4919.jpg,1,1
53,test,1,../video/frames/test/play/Emma Raducanu vs Leylah Fernandez Full Match ｜ 2021 US Open Final [F99Kz2eptqM]_frame_4920.jpg,1,1
54,test,1,../video/frames/test/play/Emma Raducanu vs Leylah Fernandez Full Match ｜ 2021 US Open Final [F99Kz2eptqM]_frame_5012.jpg,1,1
55,test,1,../video/frames/test/play/Emma Raducanu vs Leylah Fernandez Full Match ｜ 2021 US Open Final [F99Kz2eptqM]_frame_5013.jpg,1,1
56,test,1,../video/frames/test/play/Juan Martin del Potro vs Rafael Nadal ｜ Wimbledon 2018 ｜ Full Match [S5LVbZUgM48]_frame_0216.jpg,1,0
57,test,1,../video/frames/test/play/Juan Martin del Potro vs Rafael Nadal ｜ Wimbledon 2018 ｜ Full Match [S5LVbZUgM48]_frame_0389.jpg,1,0
58,test,1,../video/frames/test/play/Novak Djokovic vs Daniil Medvedev Full Match ｜ Australian Open 2021 Final [MG-RjlqyaJI]_frame_5635.jpg,1,0
59,test,1,../video/frames/test/play/Novak Djokovic vs Daniil Medvedev Full Match ｜ Australian Open 2021 Final [MG-RjlqyaJI]_frame_5825.jpg,1,0
60,test,1,../video/frames/test/play/Novak Djokovic vs Daniil Medvedev Full Match ｜ Australian Open 2021 Final [MG-RjlqyaJI]_frame_6015.jpg,1,0
61,test,1,../video/frames/test/play/Novak Djokovic vs Rafael Nadal in the longest final in Grand Slam history! ｜ Australian Open 2012 [s43wZcHOikc]_frame_0852.jpg,0,1
62,test,1,../video/frames/test/play/Novak Djokovic vs Rafael Nadal in the longest final in Grand Slam history! ｜ Australian Open 2012 [s43wZcHOikc]_frame_0949.jpg,0,1
63,test,1,../video/frames/test/play/Novak Djokovic vs Rafael Nadal in the longest final in Grand Slam history! ｜ Australian Open 2012 [s43wZcHOikc]_frame_0950.jpg,0,1
64,test,1,../video/frames/test/play/Novak Djokovic vs Rafael Nadal in the longest final in Grand Slam history! ｜ Australian Open 2012 [s43wZcHOikc]_frame_0951.jpg,0,1
65,test,1,../video/frames/test/play/Novak Djokovic vs Rafael Nadal in the longest final in Grand Slam history! ｜ Australian Open 2012 [s43wZcHOikc]_frame_0952.jpg,0,1
66,test,1,../video/frames/test/play/Novak Djokovic vs Rafael Nadal in the longest final in Grand Slam history! ｜ Australian Open 2012 [s43wZcHOikc]_frame_0953.jpg,0,1
67,test,1,../video/frames/test/play/Novak Djokovic vs Rafael Nadal in the longest final in Grand Slam history! ｜ Australian Open 2012 [s43wZcHOikc]_frame_11105.jpg,0,1
68,test,1,../video/frames/test/play/Novak Djokovic vs Rafael Nadal in the longest final in Grand Slam history! ｜ Australian Open 2012 [s43wZcHOikc]_frame_11106.jpg,0,1
69,test,1,../video/frames/test/play/Novak Djokovic vs Rafael Nadal in the longest final in Grand Slam history! ｜ Australian Open 2012 [s43wZcHOikc]_frame_11107.jpg,0,1
70,test,1,../video/frames/test/play/Novak Djokovic vs Rafael Nadal in the longest final in Grand Slam history! ｜ Australian Open 2012 [s43wZcHOikc]_frame_11108.jpg,0,1
71,test,1,../video/frames/test/play/Novak Djokovic vs Rafael Nadal in the longest final in Grand Slam history! ｜ Australian Open 2012 [s43wZcHOikc]_frame_11109.jpg,0,1
72,test,1,../video/frames/test/play/Novak Djokovic vs Rafael Nadal in the longest final in Grand Slam history! ｜ Australian Open 2012 [s43wZcHOikc]_frame_11110.jpg,0,1
73,test,1,../video/frames/test/play/Novak Djokovic vs Rafael Nadal in the longest final in Grand Slam history! ｜ Australian Open 2012 [s43wZcHOikc]_frame_11111.jpg,0,1
74,test,1,../video/frames/test/play/Novak Djokovic vs Rafael Nadal in the longest final in Grand Slam history! ｜ Australian Open 2012 [s43wZcHOikc]_frame_11112.jpg,0,1
75,test,1,../video/frames/test/play/Novak Djokovic vs Rafael Nadal in the longest final in Grand Slam history! ｜ Australian Open 2012 [s43wZcHOikc]_frame_11113.jpg,0,1
76,test,1,../video/frames/test/play/Novak Djokovic vs Rafael Nadal in the longest final in Grand Slam history! ｜ Australian Open 2012 [s43wZcHOikc]_frame_11114.jpg,0,1
77,test,1,../video/frames/test/play/Novak Djokovic vs Rafael Nadal in the longest final in Grand Slam history! ｜ Australian Open 2012 [s43wZcHOikc]_frame_11115.jpg,0,0
78,test,1,../video/frames/test/play/Novak Djokovic vs Rafael Nadal in the longest final in Grand Slam history! ｜ Australian Open 2012 [s43wZcHOikc]_frame_11116.jpg,0,1
79,test,1,../video/frames/test/play/Novak Djokovic vs Rafael Nadal in the longest final in Grand Slam history! ｜ Australian Open 2012 [s43wZcHOikc]_frame_11117.jpg,0,1
80,test,1,../video/frames/test/play/Novak Djokovic vs Rafael Nadal in the longest final in Grand Slam history! ｜ Australian Open 2012 [s43wZcHOikc]_frame_11118.jpg,0,1
81,test,1,../video/frames/test/play/Novak Djokovic vs Rafael Nadal in the longest final in Grand Slam history! ｜ Australian Open 2012 [s43wZcHOikc]_frame_11119.jpg,0,1
82,test,1,../video/frames/test/play/Novak Djokovic vs Rafael Nadal in the longest final in Grand Slam history! ｜ Australian Open 2012 [s43wZcHOikc]_frame_11120.jpg,0,1
83,test,1,../video/frames/test/play/Novak Djokovic vs Rafael Nadal in the longest final in Grand Slam history! ｜ Australian Open 2012 [s43wZcHOikc]_frame_11121.jpg,0,1
84,test,1,../video/frames/test/play/Novak Djokovic vs Rafael Nadal in the longest final in Grand Slam history! ｜ Australian Open 2012 [s43wZcHOikc]_frame_11122.jpg,0,1
85,test,1,../video/frames/test/play/Novak Djokovic vs Rafael Nadal in the longest final in Grand Slam history! ｜ Australian Open 2012 [s43wZcHOikc]_frame_11123.jpg,0,1
86,test,1,../video/frames/test/play/Novak Djokovic vs Rafael Nadal in the longest final in Grand Slam history! ｜ Australian Open 2012 [s43wZcHOikc]_frame_11124.jpg,0,1
87,test,1,../video/frames/test/play/Novak Djokovic vs Rafael Nadal in the longest final in Grand Slam history! ｜ Australian Open 2012 [s43wZcHOikc]_frame_18790.jpg,0,1
88,test,1,../video/frames/test/play/Novak Djokovic vs Rafael Nadal in the longest final in Grand Slam history! ｜ Australian Open 2012 [s43wZcHOikc]_frame_19073.jpg,0,1
89,test,1,../video/frames/test/play/Novak Djokovic vs Rafael Nadal in the longest final in Grand Slam history! ｜ Australian Open 2012 [s43wZcHOikc]_frame_19521.jpg,0,1
90,test,1,../video/frames/test/play/Novak Djokovic vs Rafael Nadal in the longest final in Grand Slam history! ｜ Australian Open 2012 [s43wZcHOikc]_frame_21973.jpg,0,1
91,test,1,../video/frames/test/play/Novak Djokovic vs Rafael Nadal in the longest final in Grand Slam history! ｜ Australian Open 2012 [s43wZcHOikc]_frame_21976.jpg,0,1
92,test,1,../video/frames/test/play/Novak Djokovic vs Roger Federer Full Match ｜ Australian Open 2016 Semi Final [uEDXMRYe0zo]_frame_5562.jpg,1,0
93,test,1,../video/frames/test/play/Novak Djokovic vs Roger Federer Full Match ｜ Australian Open 2016 Semi Final [uEDXMRYe0zo]_frame_5563.jpg,1,0
94,test,1,../video/frames/test/play/Novak Djokovic vs Roger Federer Full Match ｜ Australian Open 2016 Semi Final [uEDXMRYe0zo]_frame_5564.jpg,1,0
95,test,1,../video/frames/test/play/Novak Djokovic vs Roger Federer Full Match ｜ Australian Open 2016 Semi Final [uEDXMRYe0zo]_frame_5565.jpg,1,0
96,test,1,../video/frames/test/play/Novak Djokovic vs Roger Federer Full Match ｜ Australian Open 2016 Semi Final [uEDXMRYe0zo]_frame_5566.jpg,1,0
97,test,1,../video/frames/test/play/Novak Djokovic vs Roger Federer Full Match ｜ Australian Open 2016 Semi Final [uEDXMRYe0zo]_frame_5567.jpg,1,0
98,test,1,../video/frames/test/play/Novak Djokovic vs Roger Federer Full Match ｜ Australian Open 2016 Semi Final [uEDXMRYe0zo]_frame_5568.jpg,1,0
99,test,1,../video/frames/test/play/Novak Djokovic vs Roger Federer Full Match ｜ Australian Open 2016 Semi Final [uEDXMRYe0zo]_frame_5569.jpg,1,0
100,test,1,../video/frames/test/play/Novak Djokovic vs Roger Federer Full Match ｜ Australian Open 2016 Semi Final [uEDXMRYe0zo]_frame_5570.jpg,1,0
101,test,1,../video/frames/test/play/Novak Djokovic vs Roger Federer Full Match ｜ Australian Open 2016 Semi Final [uEDXMRYe0zo]_frame_5571.jpg,1,0
102,test,1,../video/frames/test/play/Novak Djokovic vs Roger Federer Full Match ｜ Australian Open 2016 Semi Final [uEDXMRYe0zo]_frame_5572.jpg,1,0
103,test,1,../video/frames/test/play/Novak Djokovic vs Roger Federer Full Match ｜ Australian Open 2016 Semi Final [uEDXMRYe0zo]_frame_5573.jpg,1,0
104,test,1,../video/frames/test/play/Novak Djokovic vs Roger Federer Full Match ｜ Australian Open 2016 Semi Final [uEDXMRYe0zo]_frame_5574.jpg,1,0
105,test,1,../video/frames/test/play/Novak Djokovic vs Roger Federer Full Match ｜ Australian Open 2016 Semi Final [uEDXMRYe0zo]_frame_5575.jpg,1,0
106,test,1,../video/frames/test/play/Novak Djokovic vs Roger Federer Full Match ｜ Australian Open 2016 Semi Final [uEDXMRYe0zo]_frame_5576.jpg,1,0
107,test,1,../video/frames/test/play/Novak Djokovic vs Roger Federer Full Match ｜ Australian Open 2016 Semi Final [uEDXMRYe0zo]_frame_6173.jpg,1,0
108,test,1,../video/frames/test/play/Novak Djokovic vs Roger Federer Full Match ｜ Australian Open 2016 Semi Final [uEDXMRYe0zo]_frame_6216.jpg,1,0
109,test,1,../video/frames/test/play/Roger Federer v Rafael Nadal Full Match ｜ Australian Open 2017 Final [KTCDxjJvs2U]_frame_0049.jpg,1,0
110,test,1,../video/frames/test/play/Roger Federer v Rafael Nadal Full Match ｜ Australian Open 2017 Final [KTCDxjJvs2U]_frame_1592.jpg,1,0
111,test,1,../video/frames/test/play/Roger Federer v Rafael Nadal Full Match ｜ Australian Open 2017 Final [KTCDxjJvs2U]_frame_1745.jpg,0,0
112,test,1,../video/frames/test/play/Roger Federer vs Rafael Nadal ｜ Wimbledon 2019 ｜ Full Match [wZnCcqm_g-E]_frame_0028.jpg,1,1
113,test,1,../video/frames/test/play/Roger Federer vs Rafael Nadal ｜ Wimbledon 2019 ｜ Full Match [wZnCcqm_g-E]_frame_0244.jpg,1,1
114,test,1,../video/frames/test/play/Roger Federer vs Rafael Nadal ｜ Wimbledon 2019 ｜ Full Match [wZnCcqm_g-E]_frame_0317.jpg,1,1
115,test,1,../video/frames/test/play/Serena Williams v Venus Williams Full Match ｜ Australian Open 2017 Final [tKIFQI9cH2c]_frame_2812.jpg,1,0
116,test,1,../video/frames/test/play/Serena Williams v Venus Williams Full Match ｜ Australian Open 2017 Final [tKIFQI9cH2c]_frame_2889.jpg,1,0
117,test,1,../video/frames/test/play/Serena Williams v Venus Williams Full Match ｜ Australian Open 2017 Final [tKIFQI9cH2c]_frame_3050.jpg,1,0
118,test,1,../video/frames/test/play/Serena Williams v Venus Williams Full Match ｜ Australian Open 2017 Final [tKIFQI9cH2c]_frame_3325.jpg,1,0
119,test,1,../video/frames/test/play/Serena Williams vs Angelique Kerber Full Match ｜ Australian Open 2016 Final [autIdKmAQqU]_frame_7275.jpg,1,0
120,test,1,../video/frames/test/play/Serena Williams vs Angelique Kerber Full Match ｜ Australian Open 2016 Final [autIdKmAQqU]_frame_7276.jpg,1,0
121,test,1,../video/frames/test/play/Serena Williams vs Angelique Kerber Full Match ｜ Australian Open 2016 Final [autIdKmAQqU]_frame_7277.jpg,1,0
122,test,1,../video/frames/test/play/Serena Williams vs Angelique Kerber Full Match ｜ Australian Open 2016 Final [autIdKmAQqU]_frame_7278.jpg,1,0
123,test,1,../video/frames/test/play/Serena Williams vs Angelique Kerber Full Match ｜ Australian Open 2016 Final [autIdKmAQqU]_frame_7279.jpg,1,0
124,test,1,../video/frames/test/play/Serena Williams vs Angelique Kerber Full Match ｜ Australian Open 2016 Final [autIdKmAQqU]_frame_7280.jpg,1,0
125,test,1,../video/frames/test/play/Serena Williams vs Angelique Kerber Full Match ｜ Australian Open 2016 Final [autIdKmAQqU]_frame_7281.jpg,1,0
126,test,1,../video/frames/test/play/Serena Williams vs Angelique Kerber Full Match ｜ Australian Open 2016 Final [autIdKmAQqU]_frame_7282.jpg,1,0
127,test,1,../video/frames/test/play/Serena Williams vs Angelique Kerber Full Match ｜ Australian Open 2016 Final [autIdKmAQqU]_frame_7283.jpg,1,0
128,test,1,../video/frames/test/play/Serena Williams vs Angelique Kerber Full Match ｜ Australian Open 2016 Final [autIdKmAQqU]_frame_7284.jpg,1,0
129,test,1,../video/frames/test/play/Serena Williams vs Angelique Kerber Full Match ｜ Australian Open 2016 Final [autIdKmAQqU]_frame_7285.jpg,1,0
130,test,1,../video/frames/test/play/Serena Williams vs Angelique Kerber Full Match ｜ Australian Open 2016 Final [autIdKmAQqU]_frame_7286.jpg,1,0
131,test,1,../video/frames/test/play/Serena Williams vs Angelique Kerber Full Match ｜ Australian Open 2016 Final [autIdKmAQqU]_frame_7287.jpg,1,0
132,test,1,../video/frames/test/play/Serena Williams vs Angelique Kerber Full Match ｜ Australian Open 2016 Final [autIdKmAQqU]_frame_7288.jpg,1,0
133,test,1,../video/frames/test/play/Serena Williams vs Angelique Kerber Full Match ｜ Australian Open 2016 Final [autIdKmAQqU]_frame_7345.jpg,1,0
134,test,1,../video/frames/test/play/Serena Williams vs Angelique Kerber Full Match ｜ Australian Open 2016 Final [autIdKmAQqU]_frame_7346.jpg,1,0
135,test,1,../video/frames/test/play/Serena Williams vs Angelique Kerber Full Match ｜ Australian Open 2016 Final [autIdKmAQqU]_frame_7347.jpg,1,0
136,test,1,../video/frames/test/play/Serena Williams vs Angelique Kerber Full Match ｜ Australian Open 2016 Final [autIdKmAQqU]_frame_7348.jpg,1,0
137,test,1,../video/frames/test/play/Serena Williams vs Angelique Kerber Full Match ｜ Australian Open 2016 Final [autIdKmAQqU]_frame_7349.jpg,1,0
138,test,1,../video/frames/test/play/Serena Williams vs Angelique Kerber Full Match ｜ Australian Open 2016 Final [autIdKmAQqU]_frame_7350.jpg,1,0
139,test,1,../video/frames/test/play/Serena Williams vs Angelique Kerber Full Match ｜ Australian Open 2016 Final [autIdKmAQqU]_frame_7351.jpg,1,0
140,test,1,../video/frames/test/play/Serena Williams vs Angelique Kerber Full Match ｜ Australian Open 2016 Final [autIdKmAQqU]_frame_7352.jpg,1,0
141,test,1,../video/frames/test/play/Serena Williams vs Angelique Kerber Full Match ｜ Australian Open 2016 Final [autIdKmAQqU]_frame_7353.jpg,1,0
142,test,1,../video/frames/test/play/Serena Williams vs Angelique Kerber Full Match ｜ Australian Open 2016 Final [autIdKmAQqU]_frame_7354.jpg,1,0
143,test,1,../video/frames/test/play/Serena Williams vs Angelique Kerber Full Match ｜ Australian Open 2016 Final [autIdKmAQqU]_frame_7355.jpg,1,0
144,test,1,../video/frames/test/play/Serena Williams vs Angelique Kerber Full Match ｜ Australian Open 2016 Final [autIdKmAQqU]_frame_7356.jpg,1,0
145,test,1,../video/frames/test/play/Serena Williams vs Angelique Kerber Full Match ｜ Australian Open 2016 Final [autIdKmAQqU]_frame_7357.jpg,1,0
146,test,1,../video/frames/test/play/Serena Williams vs Angelique Kerber Full Match ｜ Australian Open 2016 Final [autIdKmAQqU]_frame_7358.jpg,1,0
147,test,1,../video/frames/test/play/Serena Williams vs Angelique Kerber Full Match ｜ Australian Open 2016 Final [autIdKmAQqU]_frame_7359.jpg,1,0
148,test,1,../video/frames/test/play/Serena Williams vs Angelique Kerber Full Match ｜ Australian Open 2016 Final [autIdKmAQqU]_frame_7360.jpg,1,0
149,test,1,../video/frames/test/play/Serena Williams vs Angelique Kerber Full Match ｜ Australian Open 2016 Final [autIdKmAQqU]_frame_7361.jpg,1,0
150,test,1,../video/frames/test/play/Serena Williams vs Angelique Kerber Full Match ｜ Australian Open 2016 Final [autIdKmAQqU]_frame_7362.jpg,1,0
151,test,1,../video/frames/test/play/Serena Williams vs Angelique Kerber Full Match ｜ Australian Open 2016 Final [autIdKmAQqU]_frame_7363.jpg,1,0
152,test,1,../video/frames/test/play/Serena Williams vs Angelique Kerber Full Match ｜ Australian Open 2016 Final [autIdKmAQqU]_frame_7364.jpg,1,0
153,test,1,../video/frames/test/play/Serena Williams vs Angelique Kerber Full Match ｜ Australian Open 2016 Final [autIdKmAQqU]_frame_7365.jpg,1,0
154,test,1,../video/frames/test/play/Serena Williams vs Angelique Kerber Full Match ｜ Australian Open 2016 Final [autIdKmAQqU]_frame_7366.jpg,1,0
155,test,1,../video/frames/test/play/Serena Williams vs Angelique Kerber Full Match ｜ Australian Open 2016 Final [autIdKmAQqU]_frame_7367.jpg,1,0
156,test,1,../video/frames/test/play/Serena Williams vs Angelique Kerber Full Match ｜ Australian Open 2016 Final [autIdKmAQqU]_frame_7368.jpg,1,0
157,test,1,../video/frames/test/play/Serena Williams vs Angelique Kerber Full Match ｜ Australian Open 2016 Final [autIdKmAQqU]_frame_7369.jpg,1,0
158,test,1,../video/frames/test/play/Serena Williams vs Angelique Kerber Full Match ｜ Australian Open 2016 Final [autIdKmAQqU]_frame_7419.jpg,1,0
159,test,1,../video/frames/test/play/Serena Williams vs Angelique Kerber Full Match ｜ Australian Open 2016 Final [autIdKmAQqU]_frame_7420.jpg,1,0
160,test,1,../video/frames/test/play/Serena Williams vs Angelique Kerber Full Match ｜ Australian Open 2016 Final [autIdKmAQqU]_frame_7421.jpg,1,0
161,test,1,../video/frames/test/play/Serena Williams vs Angelique Kerber Full Match ｜ Australian Open 2016 Final [autIdKmAQqU]_frame_7422.jpg,1,0
162,test,1,../video/frames/test/play/Serena Williams vs Angelique Kerber Full Match ｜ Australian Open 2016 Final [autIdKmAQqU]_frame_7423.jpg,1,0
163,test,1,../video/frames/test/play/Serena Williams vs Angelique Kerber Full Match ｜ Australian Open 2016 Final [autIdKmAQqU]_frame_7424.jpg,1,0
164,test,1,../video/frames/test/play/Serena Williams vs Angelique Kerber Full Match ｜ Australian Open 2016 Final [autIdKmAQqU]_frame_7425.jpg,1,0
165,test,1,../video/frames/test/play/Serena Williams vs Angelique Kerber Full Match ｜ Australian Open 2016 Final [autIdKmAQqU]_frame_7426.jpg,1,0
166,test,1,../video/frames/test/play/Serena Williams vs Angelique Kerber Full Match ｜ Australian Open 2016 Final [autIdKmAQqU]_frame_7427.jpg,1,0
167,test,1,../video/frames/test/play/Serena Williams vs Angelique Kerber Full Match ｜ Australian Open 2016 Final [autIdKmAQqU]_frame_7428.jpg,1,0
168,test,1,../video/frames/test/play/Serena Williams vs Angelique Kerber Full Match ｜ Australian Open 2016 Final [autIdKmAQqU]_frame_7429.jpg,1,0
169,test,1,../video/frames/test/play/Serena Williams vs Angelique Kerber Full Match ｜ Australian Open 2016 Final [autIdKmAQqU]_frame_7430.jpg,1,0
170,test,1,../video/frames/test/play/Serena Williams vs Angelique Kerber Full Match ｜ Australian Open 2016 Final [autIdKmAQqU]_frame_7431.jpg,1,0
171,test,1,../video/frames/test/play/Serena Williams vs Angelique Kerber Full Match ｜ Australian Open 2016 Final [autIdKmAQqU]_frame_7613.jpg,1,0
172,test,1,../video/frames/test/play/Serena Williams vs Angelique Kerber Full Match ｜ Australian Open 2016 Final [autIdKmAQqU]_frame_7614.jpg,1,0
173,test,1,../video/frames/test/play/Serena Williams vs Angelique Kerber Full Match ｜ Australian Open 2016 Final [autIdKmAQqU]_frame_7655.jpg,1,0
174,test,1,../video/frames/test/play/Serena Williams vs Angelique Kerber Full Match ｜ Australian Open 2016 Final [autIdKmAQqU]_frame_7661.jpg,1,0
175,test,1,../video/frames/test/play/Serena Williams vs Angelique Kerber Full Match ｜ Australian Open 2016 Final [autIdKmAQqU]_frame_7932.jpg,1,0
176,test,1,../video/frames/test/play/Simona Halep vs Serena Williams ｜ Wimbledon 2019 Final (Full Match) [fduc5bZx3ss]_frame_0308.jpg,1,1
177,test,1,../video/frames/test/play/Simona Halep vs Serena Williams ｜ Wimbledon 2019 Final (Full Match) [fduc5bZx3ss]_frame_0751.jpg,1,1
178,test,1,../video/frames/test/play/Simona Halep vs Serena Williams ｜ Wimbledon 2019 Final (Full Match) [fduc5bZx3ss]_frame_0862.jpg,1,1
179,test,1,../video/frames/test/play/Steffi Graf vs Venus Williams ｜ 1999 Wimbledon Quarter-final Replayed [maGQ4ON4Qv8]_frame_0005.jpg,1,1
180,test,1,../video/frames/test/play/Steffi Graf vs Venus Williams ｜ 1999 Wimbledon Quarter-final Replayed [maGQ4ON4Qv8]_frame_2790.jpg,1,0
181,test,0,../video/frames/test/waiting/A FINAL FOR THE AGES ｜ Carlos Alcaraz vs Novak Djokovic Full Match ｜ Wimbledon 2023 [5uFAkizQNJI]_frame_10449.jpg,0,0
182,test,0,../video/frames/test/waiting/A FINAL FOR THE AGES ｜ Carlos Alcaraz vs Novak Djokovic Full Match ｜ Wimbledon 2023 [5uFAkizQNJI]_frame_5806.jpg,0,0
183,test,0,../video/frames/test/waiting/A FINAL FOR THE AGES ｜ Carlos Alcaraz vs Novak Djokovic Full Match ｜ Wimbledon 2023 [5uFAkizQNJI]_frame_5807.jpg,0,0
184,test,0,../video/frames/test/waiting/A FINAL FOR THE AGES ｜ Carlos Alcaraz vs Novak Djokovic Full Match ｜ Wimbledon 2023 [5uFAkizQNJI]_frame_5808.jpg,0,0
185,test,0,../video/frames/test/waiting/A FINAL FOR THE AGES ｜ Carlos Alcaraz vs Novak Djokovic Full Match ｜ Wimbledon 2023 [5uFAkizQNJI]_frame_5809.jpg,0,0
186,test,0,../video/frames/test/waiting/A FINAL FOR THE AGES ｜ Carlos Alcaraz vs Novak Djokovic Full Match ｜ Wimbledon 2023 [5uFAkizQNJI]_frame_6017.jpg,0,0
187,test,0,../video/frames/test/waiting/Bjorn Borg vs John McEnroe ｜ Wimbledon 1980 Final ｜ Full Match [hBu0w1-y7mQ]_frame_13642.jpg,0,0
188,test,0,../video/frames/test/waiting/Bjorn Borg vs John McEnroe ｜ Wimbledon 1980 Final ｜ Full Match [hBu0w1-y7mQ]_frame_14279.jpg,0,0
189,test,0,../video/frames/test/waiting/Bjorn Borg vs John McEnroe ｜ Wimbledon 1980 Final ｜ Full Match [hBu0w1-y7mQ]_frame_7195.jpg,0,0
190,test,0,../video/frames/test/waiting/Carlos Alcaraz vs. Casper Ruud Full Match ｜ 2022 US Open Final [HCIhFyeQxu0]_frame_10767.jpg,0,0
191,test,0,../video/frames/test/waiting/Carlos Alcaraz vs. Casper Ruud Full Match ｜ 2022 US Open Final [HCIhFyeQxu0]_frame_6337.jpg,0,0
192,test,0,../video/frames/test/waiting/Carlos Alcaraz vs. Casper Ruud Full Match ｜ 2022 US Open Final [HCIhFyeQxu0]_frame_8370.jpg,0,0
193,test,0,../video/frames/test/waiting/Emma Raducanu vs Leylah Fernandez Full Match ｜ 2021 US Open Final [F99Kz2eptqM]_frame_0185.jpg,0,0
194,test,0,../video/frames/test/waiting/Emma Raducanu vs Leylah Fernandez Full Match ｜ 2021 US Open Final [F99Kz2eptqM]_frame_0186.jpg,0,1
195,test,0,../video/frames/test/waiting/Emma Raducanu vs Leylah Fernandez Full Match ｜ 2021 US Open Final [F99Kz2eptqM]_frame_0187.jpg,0,1
196,test,0,../video/frames/test/waiting/Emma Raducanu vs Leylah Fernandez Full Match ｜ 2021 US Open Final [F99Kz2eptqM]_frame_0188.jpg,0,1
197,test,0,../video/frames/test/waiting/Emma Raducanu vs Leylah Fernandez Full Match ｜ 2021 US Open Final [F99Kz2eptqM]_frame_0189.jpg,0,0
198,test,0,../video/frames/test/waiting/Emma Raducanu vs Leylah Fernandez Full Match ｜ 2021 US Open Final [F99Kz2eptqM]_frame_0190.jpg,0,0
199,test,0,../video/frames/test/waiting/Emma Raducanu vs Leylah Fernandez Full Match ｜ 2021 US Open Final [F99Kz2eptqM]_frame_0191.jpg,0,0
200,test,0,../video/frames/test/waiting/Emma Raducanu vs Leylah Fernandez Full Match ｜ 2021 US Open Final [F99Kz2eptqM]_frame_0192.jpg,0,0
201,test,0,../video/frames/test/waiting/Emma Raducanu vs Leylah Fernandez Full Match ｜ 2021 US Open Final [F99Kz2eptqM]_frame_0193.jpg,0,0
202,test,0,../video/frames/test/waiting/Emma Raducanu vs Leylah Fernandez Full Match ｜ 2021 US Open Final [F99Kz2eptqM]_frame_0194.jpg,0,1
203,test,0,../video/frames/test/waiting/Emma Raducanu vs Leylah Fernandez Full Match ｜ 2021 US Open Final [F99Kz2eptqM]_frame_0195.jpg,0,1
204,test,0,../video/frames/test/waiting/Emma Raducanu vs Leylah Fernandez Full Match ｜ 2021 US Open Final [F99Kz2eptqM]_frame_0196.jpg,0,1
205,test,0,../video/frames/test/waiting/Emma Raducanu vs Leylah Fernandez Full Match ｜ 2021 US Open Final [F99Kz2eptqM]_frame_0197.jpg,0,1
206,test,0,../video/frames/test/waiting/Emma Raducanu vs Leylah Fernandez Full Match ｜ 2021 US Open Final [F99Kz2eptqM]_frame_0198.jpg,0,1
207,test,0,../video/frames/test/waiting/Emma Raducanu vs Leylah Fernandez Full Match ｜ 2021 US Open Final [F99Kz2eptqM]_frame_0199.jpg,0,0
208,test,0,../video/frames/test/waiting/Emma Raducanu vs Leylah Fernandez Full Match ｜ 2021 US Open Final [F99Kz2eptqM]_frame_0200.jpg,0,0
209,test,0,../video/frames/test/waiting/Emma Raducanu vs Leylah Fernandez Full Match ｜ 2021 US Open Final [F99Kz2eptqM]_frame_0201.jpg,0,1
210,test,0,../video/frames/test/waiting/Emma Raducanu vs Leylah Fernandez Full Match ｜ 2021 US Open Final [F99Kz2eptqM]_frame_0202.jpg,0,1
211,test,0,../video/frames/test/waiting/Emma Raducanu vs Leylah Fernandez Full Match ｜ 2021 US Open Final [F99Kz2eptqM]_frame_0203.jpg,0,1
212,test,0,../video/frames/test/waiting/Emma Raducanu vs Leylah Fernandez Full Match ｜ 2021 US Open Final [F99Kz2eptqM]_frame_0204.jpg,0,0
213,test,0,../video/frames/test/waiting/Emma Raducanu vs Leylah Fernandez Full Match ｜ 2021 US Open Final [F99Kz2eptqM]_frame_0205.jpg,0,1
214,test,0,../video/frames/test/waiting/Emma Raducanu vs Leylah Fernandez Full Match ｜ 2021 US Open Final [F99Kz2eptqM]_frame_0206.jpg,0,0
215,test,0,../video/frames/test/waiting/Emma Raducanu vs Leylah Fernandez Full Match ｜ 2021 US Open Final [F99Kz2eptqM]_frame_0207.jpg,0,0
216,test,0,../video/frames/test/waiting/Emma Raducanu vs Leylah Fernandez Full Match ｜ 2021 US Open Final [F99Kz2eptqM]_frame_0208.jpg,0,0
217,test,0,../video/frames/test/waiting/Emma Raducanu vs Leylah Fernandez Full Match ｜ 2021 US Open Final [F99Kz2eptqM]_frame_0209.jpg,0,0
218,test,0,../video/frames/test/waiting/Emma Raducanu vs Leylah Fernandez Full Match ｜ 2021 US Open Final [F99Kz2eptqM]_frame_0210.jpg,0,0
219,test,0,../video/frames/test/waiting/Emma Raducanu vs Leylah Fernandez Full Match ｜ 2021 US Open Final [F99Kz2eptqM]_frame_0211.jpg,0,0
220,test,0,../video/frames/test/waiting/Emma Raducanu vs Leylah Fernandez Full Match ｜ 2021 US Open Final [F99Kz2eptqM]_frame_0212.jpg,0,0
221,test,0,../video/frames/test/waiting/Emma Raducanu vs Leylah Fernandez Full Match ｜ 2021 US Open Final [F99Kz2eptqM]_frame_0213.jpg,0,0
222,test,0,../video/frames/test/waiting/Emma Raducanu vs Leylah Fernandez Full Match ｜ 2021 US Open Final [F99Kz2eptqM]_frame_0214.jpg,0,0
223,test,0,../video/frames/test/waiting/Emma Raducanu vs Leylah Fernandez Full Match ｜ 2021 US Open Final [F99Kz2eptqM]_frame_0215.jpg,0,0
224,test,0,../video/frames/test/waiting/Emma Raducanu vs Leylah Fernandez Full Match ｜ 2021 US Open Final [F99Kz2eptqM]_frame_0216.jpg,0,0
225,test,0,../video/frames/test/waiting/Emma Raducanu vs Leylah Fernandez Full Match ｜ 2021 US Open Final [F99Kz2eptqM]_frame_0217.jpg,0,0
226,test,0,../video/frames/test/waiting/Emma Raducanu vs Leylah Fernandez Full Match ｜ 2021 US Open Final [F99Kz2eptqM]_frame_0218.jpg,0,0
227,test,0,../video/frames/test/waiting/Emma Raducanu vs Leylah Fernandez Full Match ｜ 2021 US Open Final [F99Kz2eptqM]_frame_0219.jpg,0,0
228,test,0,../video/frames/test/waiting/Emma Raducanu vs Leylah Fernandez Full Match ｜ 2021 US Open Final [F99Kz2eptqM]_frame_0220.jpg,0,0
229,test,0,../video/frames/test/waiting/Emma Raducanu vs Leylah Fernandez Full Match ｜ 2021 US Open Final [F99Kz2eptqM]_frame_0221.jpg,0,0
230,test,0,../video/frames/test/waiting/Emma Raducanu vs Leylah Fernandez Full Match ｜ 2021 US Open Final [F99Kz2eptqM]_frame_0222.jpg,0,0
231,test,0,../video/frames/test/waiting/Emma Raducanu vs Leylah Fernandez Full Match ｜ 2021 US Open Final [F99Kz2eptqM]_frame_0223.jpg,0,0
232,test,0,../video/frames/test/waiting/Emma Raducanu vs Leylah Fernandez Full Match ｜ 2021 US Open Final [F99Kz2eptqM]_frame_0224.jpg,0,0
233,test,0,../video/frames/test/waiting/Emma Raducanu vs Leylah Fernandez Full Match ｜ 2021 US Open Final [F99Kz2eptqM]_frame_3829.jpg,0,0
234,test,0,../video/frames/test/waiting/Emma Raducanu vs Leylah Fernandez Full Match ｜ 2021 US Open Final [F99Kz2eptqM]_frame_4855.jpg,0,0
235,test,0,../video/frames/test/waiting/Emma Raducanu vs Leylah Fernandez Full Match ｜ 2021 US Open Final [F99Kz2eptqM]_frame_4895.jpg,0,0
236,test,0,../video/frames/test/waiting/Juan Martin del Potro vs Rafael Nadal ｜ Wimbledon 2018 ｜ Full Match [S5LVbZUgM48]_frame_0188.jpg,0,0
237,test,0,../video/frames/test/waiting/Juan Martin del Potro vs Rafael Nadal ｜ Wimbledon 2018 ｜ Full Match [S5LVbZUgM48]_frame_0358.jpg,0,0
238,test,0,../video/frames/test/waiting/Novak Djokovic vs Daniil Medvedev Full Match ｜ Australian Open 2021 Final [MG-RjlqyaJI]_frame_0003.jpg,0,0
239,test,0,../video/frames/test/waiting/Novak Djokovic vs Daniil Medvedev Full Match ｜ Australian Open 2021 Final [MG-RjlqyaJI]_frame_5741.jpg,0,0
240,test,0,../video/frames/test/waiting/Novak Djokovic vs Daniil Medvedev Full Match ｜ Australian Open 2021 Final [MG-RjlqyaJI]_frame_5934.jpg,0,0
241,test,0,../video/frames/test/waiting/Novak Djokovic vs Rafael Nadal in the longest final in Grand Slam history! ｜ Australian Open 2012 [s43wZcHOikc]_frame_0004.jpg,0,0
242,test,0,../video/frames/test/waiting/Novak Djokovic vs Rafael Nadal in the longest final in Grand Slam history! ｜ Australian Open 2012 [s43wZcHOikc]_frame_0126.jpg,0,0
243,test,0,../video/frames/test/waiting/Novak Djokovic vs Rafael Nadal in the longest final in Grand Slam history! ｜ Australian Open 2012 [s43wZcHOikc]_frame_0130.jpg,0,0
244,test,0,../video/frames/test/waiting/Novak Djokovic vs Rafael Nadal in the longest final in Grand Slam history! ｜ Australian Open 2012 [s43wZcHOikc]_frame_0181.jpg,0,0
245,test,0,../video/frames/test/waiting/Novak Djokovic vs Rafael Nadal in the longest final in Grand Slam history! ｜ Australian Open 2012 [s43wZcHOikc]_frame_0191.jpg,0,0
246,test,0,../video/frames/test/waiting/Novak Djokovic vs Rafael Nadal in the longest final in Grand Slam history! ｜ Australian Open 2012 [s43wZcHOikc]_frame_0213.jpg,0,0
247,test,0,../video/frames/test/waiting/Novak Djokovic vs Rafael Nadal in the longest final in Grand Slam history! ｜ Australian Open 2012 [s43wZcHOikc]_frame_10822.jpg,0,0
248,test,0,../video/frames/test/waiting/Novak Djokovic vs Rafael Nadal in the longest final in Grand Slam history! ｜ Australian Open 2012 [s43wZcHOikc]_frame_10823.jpg,0,0
249,test,0,../video/frames/test/waiting/Novak Djokovic vs Rafael Nadal in the longest final in Grand Slam history! ｜ Australian Open 2012 [s43wZcHOikc]_frame_10824.jpg,0,0
250,test,0,../video/frames/test/waiting/Novak Djokovic vs Rafael Nadal in the longest final in Grand Slam history! ｜ Australian Open 2012 [s43wZcHOikc]_frame_10825.jpg,0,0
251,test,0,../video/frames/test/waiting/Novak Djokovic vs Rafael Nadal in the longest final in Grand Slam history! ｜ Australian Open 2012 [s43wZcHOikc]_frame_10826.jpg,0,0
252,test,0,../video/frames/test/waiting/Novak Djokovic vs Rafael Nadal in the longest final in Grand Slam history! ｜ Australian Open 2012 [s43wZcHOikc]_frame_10827.jpg,0,0
253,test,0,../video/frames/test/waiting/Novak Djokovic vs Rafael Nadal in the longest final in Grand Slam history! ｜ Australian Open 2012 [s43wZcHOikc]_frame_10828.jpg,0,0
254,test,0,../video/frames/test/waiting/Novak Djokovic vs Rafael Nadal in the longest final in Grand Slam history! ｜ Australian Open 2012 [s43wZcHOikc]_frame_10829.jpg,0,0
255,test,0,../video/frames/test/waiting/Novak Djokovic vs Rafael Nadal in the longest final in Grand Slam history! ｜ Australian Open 2012 [s43wZcHOikc]_frame_10830.jpg,0,0
256,test,0,../video/frames/test/waiting/Novak Djokovic vs Rafael Nadal in the longest final in Grand Slam history! ｜ Australian Open 2012 [s43wZcHOikc]_frame_10831.jpg,0,0
257,test,0,../video/frames/test/waiting/Novak Djokovic vs Rafael Nadal in the longest final in Grand Slam history! ｜ Australian Open 2012 [s43wZcHOikc]_frame_10832.jpg,0,0
258,test,0,../video/frames/test/waiting/Novak Djokovic vs Rafael Nadal in the longest final in Grand Slam history! ｜ Australian Open 2012 [s43wZcHOikc]_frame_10833.jpg,0,0
259,test,0,../video/frames/test/waiting/Novak Djokovic vs Rafael Nadal in the longest final in Grand Slam history! ｜ Australian Open 2012 [s43wZcHOikc]_frame_10834.jpg,0,0
260,test,0,../video/frames/test/waiting/Novak Djokovic vs Rafael Nadal in the longest final in Grand Slam history! ｜ Australian Open 2012 [s43wZcHOikc]_frame_10835.jpg,0,0
261,test,0,../video/frames/test/waiting/Novak Djokovic vs Rafael Nadal in the longest final in Grand Slam history! ｜ Australian Open 2012 [s43wZcHOikc]_frame_10836.jpg,0,0
262,test,0,../video/frames/test/waiting/Novak Djokovic vs Rafael Nadal in the longest final in Grand Slam history! ｜ Australian Open 2012 [s43wZcHOikc]_frame_11150.jpg,0,0
263,test,0,../video/frames/test/waiting/Novak Djokovic vs Rafael Nadal in the longest final in Grand Slam history! ｜ Australian Open 2012 [s43wZcHOikc]_frame_11151.jpg,0,0
264,test,0,../video/frames/test/waiting/Novak Djokovic vs Rafael Nadal in the longest final in Grand Slam history! ｜ Australian Open 2012 [s43wZcHOikc]_frame_11152.jpg,0,0
265,test,0,../video/frames/test/waiting/Novak Djokovic vs Rafael Nadal in the longest final in Grand Slam history! ｜ Australian Open 2012 [s43wZcHOikc]_frame_11153.jpg,0,0
266,test,0,../video/frames/test/waiting/Novak Djokovic vs Rafael Nadal in the longest final in Grand Slam history! ｜ Australian Open 2012 [s43wZcHOikc]_frame_11154.jpg,0,0
267,test,0,../video/frames/test/waiting/Novak Djokovic vs Rafael Nadal in the longest final in Grand Slam history! ｜ Australian Open 2012 [s43wZcHOikc]_frame_18666.jpg,0,0
268,test,0,../video/frames/test/waiting/Novak Djokovic vs Rafael Nadal in the longest final in Grand Slam history! ｜ Australian Open 2012 [s43wZcHOikc]_frame_18773.jpg,0,0
269,test,0,../video/frames/test/waiting/Novak Djokovic vs Rafael Nadal in the longest final in Grand Slam history! ｜ Australian Open 2012 [s43wZcHOikc]_frame_19516.jpg,0,0
270,test,0,../video/frames/test/waiting/Novak Djokovic vs Rafael Nadal in the longest final in Grand Slam history! ｜ Australian Open 2012 [s43wZcHOikc]_frame_22034.jpg,0,0
271,test,0,../video/frames/test/waiting/Novak Djokovic vs Rafael Nadal in the longest final in Grand Slam history! ｜ Australian Open 2012 [s43wZcHOikc]_frame_22104.jpg,0,0
272,test,0,../video/frames/test/waiting/Novak Djokovic vs Roger Federer Full Match ｜ Australian Open 2016 Semi Final [uEDXMRYe0zo]_frame_3669.jpg,0,0
273,test,0,../video/frames/test/waiting/Novak Djokovic vs Roger Federer Full Match ｜ Australian Open 2016 Semi Final [uEDXMRYe0zo]_frame_5577.jpg,0,1
274,test,0,../video/frames/test/waiting/Novak Djokovic vs Roger Federer Full Match ｜ Australian Open 2016 Semi Final [uEDXMRYe0zo]_frame_5578.jpg,0,1
275,test,0,../video/frames/test/waiting/Novak Djokovic vs Roger Federer Full Match ｜ Australian Open 2016 Semi Final [uEDXMRYe0zo]_frame_5579.jpg,0,1
276,test,0,../video/frames/test/waiting/Novak Djokovic vs Roger Federer Full Match ｜ Australian Open 2016 Semi Final [uEDXMRYe0zo]_frame_5580.jpg,0,0
277,test,0,../video/frames/test/waiting/Novak Djokovic vs Roger Federer Full Match ｜ Australian Open 2016 Semi Final [uEDXMRYe0zo]_frame_5581.jpg,0,0
278,test,0,../video/frames/test/waiting/Novak Djokovic vs Roger Federer Full Match ｜ Australian Open 2016 Semi Final [uEDXMRYe0zo]_frame_5582.jpg,0,0
279,test,0,../video/frames/test/waiting/Novak Djokovic vs Roger Federer Full Match ｜ Australian Open 2016 Semi Final [uEDXMRYe0zo]_frame_5583.jpg,0,0
280,test,0,../video/frames/test/waiting/Novak Djokovic vs Roger Federer Full Match ｜ Australian Open 2016 Semi Final [uEDXMRYe0zo]_frame_5584.jpg,0,0
281,test,0,../video/frames/test/waiting/Novak Djokovic vs Roger Federer Full Match ｜ Australian Open 2016 Semi Final [uEDXMRYe0zo]_frame_5585.jpg,0,0
282,test,0,../video/frames/test/waiting/Novak Djokovic vs Roger Federer Full Match ｜ Australian Open 2016 Semi Final [uEDXMRYe0zo]_frame_5586.jpg,0,0
283,test,0,../video/frames/test/waiting/Novak Djokovic vs Roger Federer Full Match ｜ Australian Open 2016 Semi Final [uEDXMRYe0zo]_frame_5587.jpg,0,0
284,test,0,../video/frames/test/waiting/Novak Djokovic vs Roger Federer Full Match ｜ Australian Open 2016 Semi Final [uEDXMRYe0zo]_frame_5588.jpg,0,0
285,test,0,../video/frames/test/waiting/Novak Djokovic vs Roger Federer Full Match ｜ Australian Open 2016 Semi Final [uEDXMRYe0zo]_frame_5589.jpg,0,0
286,test,0,../video/frames/test/waiting/Novak Djokovic vs Roger Federer Full Match ｜ Australian Open 2016 Semi Final [uEDXMRYe0zo]_frame_5590.jpg,0,0
287,test,0,../video/frames/test/waiting/Novak Djokovic vs Roger Federer Full Match ｜ Australian Open 2016 Semi Final [uEDXMRYe0zo]_frame_5591.jpg,0,0
288,test,0,../video/frames/test/waiting/Novak Djokovic vs Roger Federer Full Match ｜ Australian Open 2016 Semi Final [uEDXMRYe0zo]_frame_6271.jpg,0,1
289,test,0,../video/frames/test/waiting/Roger Federer v Rafael Nadal Full Match ｜ Australian Open 2017 Final [KTCDxjJvs2U]_frame_0014.jpg,0,0
290,test,0,../video/frames/test/waiting/Roger Federer v Rafael Nadal Full Match ｜ Australian Open 2017 Final [KTCDxjJvs2U]_frame_1646.jpg,0,0
291,test,0,../video/frames/test/waiting/Roger Federer vs Rafael Nadal ｜ Wimbledon 2019 ｜ Full Match [wZnCcqm_g-E]_frame_0198.jpg,0,0
292,test,0,../video/frames/test/waiting/Roger Federer vs Rafael Nadal ｜ Wimbledon 2019 ｜ Full Match [wZnCcqm_g-E]_frame_0203.jpg,0,0
293,test,0,../video/frames/test/waiting/Roger Federer vs Rafael Nadal ｜ Wimbledon 2019 ｜ Full Match [wZnCcqm_g-E]_frame_0406.jpg,0,1
294,test,0,../video/frames/test/waiting/Roger Federer vs Rafael Nadal ｜ Wimbledon 2019 ｜ Full Match [wZnCcqm_g-E]_frame_0407.jpg,0,1
295,test,0,../video/frames/test/waiting/Serena Williams v Venus Williams Full Match ｜ Australian Open 2017 Final [tKIFQI9cH2c]_frame_0012.jpg,0,0
296,test,0,../video/frames/test/waiting/Serena Williams v Venus Williams Full Match ｜ Australian Open 2017 Final [tKIFQI9cH2c]_frame_0021.jpg,0,0
297,test,0,../video/frames/test/waiting/Serena Williams v Venus Williams Full Match ｜ Australian Open 2017 Final [tKIFQI9cH2c]_frame_2819.jpg,0,0
298,test,0,../video/frames/test/waiting/Serena Williams v Venus Williams Full Match ｜ Australian Open 2017 Final [tKIFQI9cH2c]_frame_3057.jpg,0,0
299,test,0,../video/frames/test/waiting/Serena Williams vs Angelique Kerber Full Match ｜ Australian Open 2016 Final [autIdKmAQqU]_frame_0007.jpg,0,0
300,test,0,../video/frames/test/waiting/Serena Williams vs Angelique Kerber Full Match ｜ Australian Open 2016 Final [autIdKmAQqU]_frame_0135.jpg,0,0
301,test,0,../video/frames/test/waiting/Serena Williams vs Angelique Kerber Full Match ｜ Australian Open 2016 Final [autIdKmAQqU]_frame_0205.jpg,0,1
302,test,0,../video/frames/test/waiting/Serena Williams vs Angelique Kerber Full Match ｜ Australian Open 2016 Final [autIdKmAQqU]_frame_7221.jpg,0,0
303,test,0,../video/frames/test/waiting/Serena Williams vs Angelique Kerber Full Match ｜ Australian Open 2016 Final [autIdKmAQqU]_frame_7222.jpg,0,0
304,test,0,../video/frames/test/waiting/Serena Williams vs Angelique Kerber Full Match ｜ Australian Open 2016 Final [autIdKmAQqU]_frame_7223.jpg,0,0
305,test,0,../video/frames/test/waiting/Serena Williams vs Angelique Kerber Full Match ｜ Australian Open 2016 Final [autIdKmAQqU]_frame_7224.jpg,0,0
306,test,0,../video/frames/test/waiting/Serena Williams vs Angelique Kerber Full Match ｜ Australian Open 2016 Final [autIdKmAQqU]_frame_7225.jpg,0,0
307,test,0,../video/frames/test/waiting/Serena Williams vs Angelique Kerber Full Match ｜ Australian Open 2016 Final [autIdKmAQqU]_frame_7226.jpg,0,0
308,test,0,../video/frames/test/waiting/Serena Williams vs Angelique Kerber Full Match ｜ Australian Open 2016 Final [autIdKmAQqU]_frame_7227.jpg,0,0
309,test,0,../video/frames/test/waiting/Serena Williams vs Angelique Kerber Full Match ｜ Australian Open 2016 Final [autIdKmAQqU]_frame_7228.jpg,0,0
310,test,0,../video/frames/test/waiting/Serena Williams vs Angelique Kerber Full Match ｜ Australian Open 2016 Final [autIdKmAQqU]_frame_7229.jpg,0,0
311,test,0,../video/frames/test/waiting/Serena Williams vs Angelique Kerber Full Match ｜ Australian Open 2016 Final [autIdKmAQqU]_frame_7230.jpg,0,0
312,test,0,../video/frames/test/waiting/Serena Williams vs Angelique Kerber Full Match ｜ Australian Open 2016 Final [autIdKmAQqU]_frame_7231.jpg,0,1
313,test,0,../video/frames/test/waiting/Serena Williams vs Angelique Kerber Full Match ｜ Australian Open 2016 Final [autIdKmAQqU]_frame_7232.jpg,0,0
314,test,0,../video/frames/test/waiting/Serena Williams vs Angelique Kerber Full Match ｜ Australian Open 2016 Final [autIdKmAQqU]_frame_7233.jpg,0,0
315,test,0,../video/frames/test/waiting/Serena Williams vs Angelique Kerber Full Match ｜ Australian Open 2016 Final [autIdKmAQqU]_frame_7234.jpg,0,0
316,test,0,../video/frames/test/waiting/Serena Williams vs Angelique Kerber Full Match ｜ Australian Open 2016 Final [autIdKmAQqU]_frame_7235.jpg,0,0
317,test,0,../video/frames/test/waiting/Serena Williams vs Angelique Kerber Full Match ｜ Australian Open 2016 Final [autIdKmAQqU]_frame_7236.jpg,0,0
318,test,0,../video/frames/test/waiting/Serena Williams vs Angelique Kerber Full Match ｜ Australian Open 2016 Final [autIdKmAQqU]_frame_7237.jpg,0,0
319,test,0,../video/frames/test/waiting/Serena Williams vs Angelique Kerber Full Match ｜ Australian Open 2016 Final [autIdKmAQqU]_frame_7238.jpg,0,0
320,test,0,../video/frames/test/waiting/Serena Williams vs Angelique Kerber Full Match ｜ Australian Open 2016 Final [autIdKmAQqU]_frame_7239.jpg,0,0
321,test,0,../video/frames/test/waiting/Serena Williams vs Angelique Kerber Full Match ｜ Australian Open 2016 Final [autIdKmAQqU]_frame_7240.jpg,0,0
322,test,0,../video/frames/test/waiting/Serena Williams vs Angelique Kerber Full Match ｜ Australian Open 2016 Final [autIdKmAQqU]_frame_7241.jpg,0,0
323,test,0,../video/frames/test/waiting/Serena Williams vs Angelique Kerber Full Match ｜ Australian Open 2016 Final [autIdKmAQqU]_frame_7242.jpg,0,0
324,test,0,../video/frames/test/waiting/Serena Williams vs Angelique Kerber Full Match ｜ Australian Open 2016 Final [autIdKmAQqU]_frame_7243.jpg,0,0
325,test,0,../video/frames/test/waiting/Serena Williams vs Angelique Kerber Full Match ｜ Australian Open 2016 Final [autIdKmAQqU]_frame_7244.jpg,0,0
326,test,0,../video/frames/test/waiting/Serena Williams vs Angelique Kerber Full Match ｜ Australian Open 2016 Final [autIdKmAQqU]_frame_7245.jpg,0,0
327,test,0,../video/frames/test/waiting/Serena Williams vs Angelique Kerber Full Match ｜ Australian Open 2016 Final [autIdKmAQqU]_frame_7246.jpg,0,0
328,test,0,../video/frames/test/waiting/Serena Williams vs Angelique Kerber Full Match ｜ Australian Open 2016 Final [autIdKmAQqU]_frame_7247.jpg,0,0
329,test,0,../video/frames/test/waiting/Serena Williams vs Angelique Kerber Full Match ｜ Australian Open 2016 Final [autIdKmAQqU]_frame_7248.jpg,0,0
330,test,0,../video/frames/test/waiting/Serena Williams vs Angelique Kerber Full Match ｜ Australian Open 2016 Final [autIdKmAQqU]_frame_7249.jpg,0,0
331,test,0,../video/frames/test/waiting/Serena Williams vs Angelique Kerber Full Match ｜ Australian Open 2016 Final [autIdKmAQqU]_frame_7250.jpg,0,0
332,test,0,../video/frames/test/waiting/Serena Williams vs Angelique Kerber Full Match ｜ Australian Open 2016 Final [autIdKmAQqU]_frame_7251.jpg,0,0
333,test,0,../video/frames/test/waiting/Serena Williams vs Angelique Kerber Full Match ｜ Australian Open 2016 Final [autIdKmAQqU]_frame_7252.jpg,0,0
334,test,0,../video/frames/test/waiting/Serena Williams vs Angelique Kerber Full Match ｜ Australian Open 2016 Final [autIdKmAQqU]_frame_7253.jpg,0,0
335,test,0,../video/frames/test/waiting/Serena Williams vs Angelique Kerber Full Match ｜ Australian Open 2016 Final [autIdKmAQqU]_frame_7254.jpg,0,0
336,test,0,../video/frames/test/waiting/Serena Williams vs Angelique Kerber Full Match ｜ Australian Open 2016 Final [autIdKmAQqU]_frame_7255.jpg,0,0
337,test,0,../video/frames/test/waiting/Serena Williams vs Angelique Kerber Full Match ｜ Australian Open 2016 Final [autIdKmAQqU]_frame_7256.jpg,0,0
338,test,0,../video/frames/test/waiting/Serena Williams vs Angelique Kerber Full Match ｜ Australian Open 2016 Final [autIdKmAQqU]_frame_7257.jpg,0,0
339,test,0,../video/frames/test/waiting/Serena Williams vs Angelique Kerber Full Match ｜ Australian Open 2016 Final [autIdKmAQqU]_frame_7258.jpg,0,0
340,test,0,../video/frames/test/waiting/Serena Williams vs Angelique Kerber Full Match ｜ Australian Open 2016 Final [autIdKmAQqU]_frame_7259.jpg,0,0
341,test,0,../video/frames/test/waiting/Serena Williams vs Angelique Kerber Full Match ｜ Australian Open 2016 Final [autIdKmAQqU]_frame_7260.jpg,0,0
342,test,0,../video/frames/test/waiting/Serena Williams vs Angelique Kerber Full Match ｜ Australian Open 2016 Final [autIdKmAQqU]_frame_7261.jpg,0,0
343,test,0,../video/frames/test/waiting/Serena Williams vs Angelique Kerber Full Match ｜ Australian Open 2016 Final [autIdKmAQqU]_frame_7262.jpg,0,0
344,test,0,../video/frames/test/waiting/Serena Williams vs Angelique Kerber Full Match ｜ Australian Open 2016 Final [autIdKmAQqU]_frame_7263.jpg,0,0
345,test,0,../video/frames/test/waiting/Serena Williams vs Angelique Kerber Full Match ｜ Australian Open 2016 Final [autIdKmAQqU]_frame_7264.jpg,0,0
346,test,0,../video/frames/test/waiting/Serena Williams vs Angelique Kerber Full Match ｜ Australian Open 2016 Final [autIdKmAQqU]_frame_7265.jpg,0,0
347,test,0,../video/frames/test/waiting/Serena Williams vs Angelique Kerber Full Match ｜ Australian Open 2016 Final [autIdKmAQqU]_frame_7266.jpg,0,0
348,test,0,../video/frames/test/waiting/Serena Williams vs Angelique Kerber Full Match ｜ Australian Open 2016 Final [autIdKmAQqU]_frame_7267.jpg,0,0
349,test,0,../video/frames/test/waiting/Serena Williams vs Angelique Kerber Full Match ｜ Australian Open 2016 Final [autIdKmAQqU]_frame_7268.jpg,0,0
350,test,0,../video/frames/test/waiting/Serena Williams vs Angelique Kerber Full Match ｜ Australian Open 2016 Final [autIdKmAQqU]_frame_7269.jpg,0,0
351,test,0,../video/frames/test/waiting/Serena Williams vs Angelique Kerber Full Match ｜ Australian Open 2016 Final [autIdKmAQqU]_frame_7270.jpg,0,0
352,test,0,../video/frames/test/waiting/Serena Williams vs Angelique Kerber Full Match ｜ Australian Open 2016 Final [autIdKmAQqU]_frame_7271.jpg,0,0
353,test,0,../video/frames/test/waiting/Serena Williams vs Angelique Kerber Full Match ｜ Australian Open 2016 Final [autIdKmAQqU]_frame_7272.jpg,0,0
354,test,0,../video/frames/test/waiting/Serena Williams vs Angelique Kerber Full Match ｜ Australian Open 2016 Final [autIdKmAQqU]_frame_7273.jpg,0,0
355,test,0,../video/frames/test/waiting/Serena Williams vs Angelique Kerber Full Match ｜ Australian Open 2016 Final [autIdKmAQqU]_frame_7274.jpg,0,0
356,test,0,../video/frames/test/waiting/Simona Halep vs Serena Williams ｜ Wimbledon 2019 Final (Full Match) [fduc5bZx3ss]_frame_0218.jpg,0,0
357,test,0,../video/frames/test/waiting/Simona Halep vs Serena Williams ｜ Wimbledon 2019 Final (Full Match) [fduc5bZx3ss]_frame_0491.jpg,0,0
358,test,0,../video/frames/test/waiting/Simona Halep vs Serena Williams ｜ Wimbledon 2019 Final (Full Match) [fduc5bZx3ss]_frame_0666.jpg,0,1
359,test,0,../video/frames/test/waiting/Steffi Graf vs Venus Williams ｜ 1999 Wimbledon Quarter-final Replayed [maGQ4ON4Qv8]_frame_0105.jpg,0,0
360,test,0,../video/frames/test/waiting/Steffi Graf vs Venus Williams ｜ 1999 Wimbledon Quarter-final Replayed [maGQ4ON4Qv8]_frame_2767.jpg,0,0
