image_ID_index,train_or_test,classifier_class,classification_autoencoder,image_relative_filepath
1,test,1,1,../video/frames/test/play/A FINAL FOR THE AGES ｜ Carlos Alcaraz vs Novak Djokovic Full Match ｜ Wimbledon 2023 [5uFAkizQNJI]_frame_0005.jpg
2,test,1,1,../video/frames/test/play/A FINAL FOR THE AGES ｜ Carlos Alcaraz vs Novak Djokovic Full Match ｜ Wimbledon 2023 [5uFAkizQNJI]_frame_0006.jpg
3,test,1,1,../video/frames/test/play/A FINAL FOR THE AGES ｜ Carlos Alcaraz vs Novak Djokovic Full Match ｜ Wimbledon 2023 [5uFAkizQNJI]_frame_0007.jpg
4,test,1,1,../video/frames/test/play/A FINAL FOR THE AGES ｜ Carlos Alcaraz vs Novak Djokovic Full Match ｜ Wimbledon 2023 [5uFAkizQNJI]_frame_0008.jpg
5,test,1,1,../video/frames/test/play/A FINAL FOR THE AGES ｜ Carlos Alcaraz vs Novak Djokovic Full Match ｜ Wimbledon 2023 [5uFAkizQNJI]_frame_10463.jpg
6,test,1,0,../video/frames/test/play/A FINAL FOR THE AGES ｜ Carlos Alcaraz vs Novak Djokovic Full Match ｜ Wimbledon 2023 [5uFAkizQNJI]_frame_6030.jpg
7,test,1,0,../video/frames/test/play/Bjorn Borg vs John McEnroe ｜ Wimbledon 1980 Final ｜ Full Match [hBu0w1-y7mQ]_frame_11475.jpg
8,test,1,0,../video/frames/test/play/Bjorn Borg vs John McEnroe ｜ Wimbledon 1980 Final ｜ Full Match [hBu0w1-y7mQ]_frame_7543.jpg
9,test,1,0,../video/frames/test/play/Bjorn Borg vs John McEnroe ｜ Wimbledon 1980 Final ｜ Full Match [hBu0w1-y7mQ]_frame_7724.jpg
10,test,1,1,../video/frames/test/play/Carlos Alcaraz vs. Casper Ruud Full Match ｜ 2022 US Open Final [HCIhFyeQxu0]_frame_10758.jpg
11,test,1,1,../video/frames/test/play/Carlos Alcaraz vs. Casper Ruud Full Match ｜ 2022 US Open Final [HCIhFyeQxu0]_frame_6330.jpg
12,test,1,1,../video/frames/test/play/Carlos Alcaraz vs. Casper Ruud Full Match ｜ 2022 US Open Final [HCIhFyeQxu0]_frame_8403.jpg
13,test,1,1,../video/frames/test/play/Emma Raducanu vs Leylah Fernandez Full Match ｜ 2021 US Open Final [F99Kz2eptqM]_frame_0020.jpg
14,test,1,1,../video/frames/test/play/Emma Raducanu vs Leylah Fernandez Full Match ｜ 2021 US Open Final [F99Kz2eptqM]_frame_0276.jpg
15,test,1,1,../video/frames/test/play/Emma Raducanu vs Leylah Fernandez Full Match ｜ 2021 US Open Final [F99Kz2eptqM]_frame_0277.jpg
16,test,1,1,../video/frames/test/play/Emma Raducanu vs Leylah Fernandez Full Match ｜ 2021 US Open Final [F99Kz2eptqM]_frame_0278.jpg
17,test,1,1,../video/frames/test/play/Emma Raducanu vs Leylah Fernandez Full Match ｜ 2021 US Open Final [F99Kz2eptqM]_frame_0279.jpg
18,test,1,1,../video/frames/test/play/Emma Raducanu vs Leylah Fernandez Full Match ｜ 2021 US Open Final [F99Kz2eptqM]_frame_0280.jpg
19,test,1,1,../video/frames/test/play/Emma Raducanu vs Leylah Fernandez Full Match ｜ 2021 US Open Final [F99Kz2eptqM]_frame_0281.jpg
20,test,1,1,../video/frames/test/play/Emma Raducanu vs Leylah Fernandez Full Match ｜ 2021 US Open Final [F99Kz2eptqM]_frame_0282.jpg
21,test,1,1,../video/frames/test/play/Emma Raducanu vs Leylah Fernandez Full Match ｜ 2021 US Open Final [F99Kz2eptqM]_frame_0283.jpg
22,test,1,1,../video/frames/test/play/Emma Raducanu vs Leylah Fernandez Full Match ｜ 2021 US Open Final [F99Kz2eptqM]_frame_0284.jpg
23,test,1,1,../video/frames/test/play/Emma Raducanu vs Leylah Fernandez Full Match ｜ 2021 US Open Final [F99Kz2eptqM]_frame_0285.jpg
24,test,1,1,../video/frames/test/play/Emma Raducanu vs Leylah Fernandez Full Match ｜ 2021 US Open Final [F99Kz2eptqM]_frame_0286.jpg
25,test,1,1,../video/frames/test/play/Emma Raducanu vs Leylah Fernandez Full Match ｜ 2021 US Open Final [F99Kz2eptqM]_frame_0287.jpg
26,test,1,1,../video/frames/test/play/Emma Raducanu vs Leylah Fernandez Full Match ｜ 2021 US Open Final [F99Kz2eptqM]_frame_0288.jpg
27,test,1,1,../video/frames/test/play/Emma Raducanu vs Leylah Fernandez Full Match ｜ 2021 US Open Final [F99Kz2eptqM]_frame_0289.jpg
28,test,1,1,../video/frames/test/play/Emma Raducanu vs Leylah Fernandez Full Match ｜ 2021 US Open Final [F99Kz2eptqM]_frame_0290.jpg
29,test,1,1,../video/frames/test/play/Emma Raducanu vs Leylah Fernandez Full Match ｜ 2021 US Open Final [F99Kz2eptqM]_frame_0291.jpg
30,test,1,1,../video/frames/test/play/Emma Raducanu vs Leylah Fernandez Full Match ｜ 2021 US Open Final [F99Kz2eptqM]_frame_2467.jpg
31,test,1,1,../video/frames/test/play/Emma Raducanu vs Leylah Fernandez Full Match ｜ 2021 US Open Final [F99Kz2eptqM]_frame_2468.jpg
32,test,1,1,../video/frames/test/play/Emma Raducanu vs Leylah Fernandez Full Match ｜ 2021 US Open Final [F99Kz2eptqM]_frame_2469.jpg
33,test,1,1,../video/frames/test/play/Emma Raducanu vs Leylah Fernandez Full Match ｜ 2021 US Open Final [F99Kz2eptqM]_frame_2470.jpg
34,test,1,1,../video/frames/test/play/Emma Raducanu vs Leylah Fernandez Full Match ｜ 2021 US Open Final [F99Kz2eptqM]_frame_2471.jpg
35,test,1,1,../video/frames/test/play/Emma Raducanu vs Leylah Fernandez Full Match ｜ 2021 US Open Final [F99Kz2eptqM]_frame_2472.jpg
36,test,1,1,../video/frames/test/play/Emma Raducanu vs Leylah Fernandez Full Match ｜ 2021 US Open Final [F99Kz2eptqM]_frame_2473.jpg
37,test,1,1,../video/frames/test/play/Emma Raducanu vs Leylah Fernandez Full Match ｜ 2021 US Open Final [F99Kz2eptqM]_frame_2474.jpg
38,test,1,1,../video/frames/test/play/Emma Raducanu vs Leylah Fernandez Full Match ｜ 2021 US Open Final [F99Kz2eptqM]_frame_3919.jpg
39,test,1,1,../video/frames/test/play/Emma Raducanu vs Leylah Fernandez Full Match ｜ 2021 US Open Final [F99Kz2eptqM]_frame_4556.jpg
40,test,1,1,../video/frames/test/play/Emma Raducanu vs Leylah Fernandez Full Match ｜ 2021 US Open Final [F99Kz2eptqM]_frame_4557.jpg
41,test,1,1,../video/frames/test/play/Emma Raducanu vs Leylah Fernandez Full Match ｜ 2021 US Open Final [F99Kz2eptqM]_frame_4558.jpg
42,test,1,1,../video/frames/test/play/Emma Raducanu vs Leylah Fernandez Full Match ｜ 2021 US Open Final [F99Kz2eptqM]_frame_4559.jpg
43,test,1,1,../video/frames/test/play/Emma Raducanu vs Leylah Fernandez Full Match ｜ 2021 US Open Final [F99Kz2eptqM]_frame_4560.jpg
44,test,1,1,../video/frames/test/play/Emma Raducanu vs Leylah Fernandez Full Match ｜ 2021 US Open Final [F99Kz2eptqM]_frame_4842.jpg
45,test,1,1,../video/frames/test/play/Emma Raducanu vs Leylah Fernandez Full Match ｜ 2021 US Open Final [F99Kz2eptqM]_frame_4912.jpg
46,test,1,1,../video/frames/test/play/Emma Raducanu vs Leylah Fernandez Full Match ｜ 2021 US Open Final [F99Kz2eptqM]_frame_4913.jpg
47,test,1,1,../video/frames/test/play/Emma Raducanu vs Leylah Fernandez Full Match ｜ 2021 US Open Final [F99Kz2eptqM]_frame_4914.jpg
48,test,1,1,../video/frames/test/play/Emma Raducanu vs Leylah Fernandez Full Match ｜ 2021 US Open Final [F99Kz2eptqM]_frame_4915.jpg
49,test,1,1,../video/frames/test/play/Emma Raducanu vs Leylah Fernandez Full Match ｜ 2021 US Open Final [F99Kz2eptqM]_frame_4916.jpg
50,test,1,1,../video/frames/test/play/Emma Raducanu vs Leylah Fernandez Full Match ｜ 2021 US Open Final [F99Kz2eptqM]_frame_4917.jpg
51,test,1,1,../video/frames/test/play/Emma Raducanu vs Leylah Fernandez Full Match ｜ 2021 US Open Final [F99Kz2eptqM]_frame_4918.jpg
52,test,1,1,../video/frames/test/play/Emma Raducanu vs Leylah Fernandez Full Match ｜ 2021 US Open Final [F99Kz2eptqM]_frame_4919.jpg
53,test,1,1,../video/frames/test/play/Emma Raducanu vs Leylah Fernandez Full Match ｜ 2021 US Open Final [F99Kz2eptqM]_frame_4920.jpg
54,test,1,1,../video/frames/test/play/Emma Raducanu vs Leylah Fernandez Full Match ｜ 2021 US Open Final [F99Kz2eptqM]_frame_5012.jpg
55,test,1,1,../video/frames/test/play/Emma Raducanu vs Leylah Fernandez Full Match ｜ 2021 US Open Final [F99Kz2eptqM]_frame_5013.jpg
56,test,1,0,../video/frames/test/play/Juan Martin del Potro vs Rafael Nadal ｜ Wimbledon 2018 ｜ Full Match [S5LVbZUgM48]_frame_0216.jpg
57,test,1,0,../video/frames/test/play/Juan Martin del Potro vs Rafael Nadal ｜ Wimbledon 2018 ｜ Full Match [S5LVbZUgM48]_frame_0389.jpg
58,test,1,0,../video/frames/test/play/Novak Djokovic vs Daniil Medvedev Full Match ｜ Australian Open 2021 Final [MG-RjlqyaJI]_frame_5635.jpg
59,test,1,0,../video/frames/test/play/Novak Djokovic vs Daniil Medvedev Full Match ｜ Australian Open 2021 Final [MG-RjlqyaJI]_frame_5825.jpg
60,test,1,0,../video/frames/test/play/Novak Djokovic vs Daniil Medvedev Full Match ｜ Australian Open 2021 Final [MG-RjlqyaJI]_frame_6015.jpg
61,test,1,1,../video/frames/test/play/Novak Djokovic vs Rafael Nadal in the longest final in Grand Slam history! ｜ Australian Open 2012 [s43wZcHOikc]_frame_0852.jpg
62,test,1,1,../video/frames/test/play/Novak Djokovic vs Rafael Nadal in the longest final in Grand Slam history! ｜ Australian Open 2012 [s43wZcHOikc]_frame_0949.jpg
63,test,1,1,../video/frames/test/play/Novak Djokovic vs Rafael Nadal in the longest final in Grand Slam history! ｜ Australian Open 2012 [s43wZcHOikc]_frame_0950.jpg
64,test,1,1,../video/frames/test/play/Novak Djokovic vs Rafael Nadal in the longest final in Grand Slam history! ｜ Australian Open 2012 [s43wZcHOikc]_frame_0951.jpg
65,test,1,1,../video/frames/test/play/Novak Djokovic vs Rafael Nadal in the longest final in Grand Slam history! ｜ Australian Open 2012 [s43wZcHOikc]_frame_0952.jpg
66,test,1,1,../video/frames/test/play/Novak Djokovic vs Rafael Nadal in the longest final in Grand Slam history! ｜ Australian Open 2012 [s43wZcHOikc]_frame_0953.jpg
67,test,1,1,../video/frames/test/play/Novak Djokovic vs Rafael Nadal in the longest final in Grand Slam history! ｜ Australian Open 2012 [s43wZcHOikc]_frame_11105.jpg
68,test,1,1,../video/frames/test/play/Novak Djokovic vs Rafael Nadal in the longest final in Grand Slam history! ｜ Australian Open 2012 [s43wZcHOikc]_frame_11106.jpg
69,test,1,1,../video/frames/test/play/Novak Djokovic vs Rafael Nadal in the longest final in Grand Slam history! ｜ Australian Open 2012 [s43wZcHOikc]_frame_11107.jpg
70,test,1,1,../video/frames/test/play/Novak Djokovic vs Rafael Nadal in the longest final in Grand Slam history! ｜ Australian Open 2012 [s43wZcHOikc]_frame_11108.jpg
71,test,1,1,../video/frames/test/play/Novak Djokovic vs Rafael Nadal in the longest final in Grand Slam history! ｜ Australian Open 2012 [s43wZcHOikc]_frame_11109.jpg
72,test,1,1,../video/frames/test/play/Novak Djokovic vs Rafael Nadal in the longest final in Grand Slam history! ｜ Australian Open 2012 [s43wZcHOikc]_frame_11110.jpg
73,test,1,1,../video/frames/test/play/Novak Djokovic vs Rafael Nadal in the longest final in Grand Slam history! ｜ Australian Open 2012 [s43wZcHOikc]_frame_11111.jpg
74,test,1,1,../video/frames/test/play/Novak Djokovic vs Rafael Nadal in the longest final in Grand Slam history! ｜ Australian Open 2012 [s43wZcHOikc]_frame_11112.jpg
75,test,1,1,../video/frames/test/play/Novak Djokovic vs Rafael Nadal in the longest final in Grand Slam history! ｜ Australian Open 2012 [s43wZcHOikc]_frame_11113.jpg
76,test,1,1,../video/frames/test/play/Novak Djokovic vs Rafael Nadal in the longest final in Grand Slam history! ｜ Australian Open 2012 [s43wZcHOikc]_frame_11114.jpg
77,test,1,0,../video/frames/test/play/Novak Djokovic vs Rafael Nadal in the longest final in Grand Slam history! ｜ Australian Open 2012 [s43wZcHOikc]_frame_11115.jpg
78,test,1,1,../video/frames/test/play/Novak Djokovic vs Rafael Nadal in the longest final in Grand Slam history! ｜ Australian Open 2012 [s43wZcHOikc]_frame_11116.jpg
79,test,1,1,../video/frames/test/play/Novak Djokovic vs Rafael Nadal in the longest final in Grand Slam history! ｜ Australian Open 2012 [s43wZcHOikc]_frame_11117.jpg
80,test,1,1,../video/frames/test/play/Novak Djokovic vs Rafael Nadal in the longest final in Grand Slam history! ｜ Australian Open 2012 [s43wZcHOikc]_frame_11118.jpg
81,test,1,1,../video/frames/test/play/Novak Djokovic vs Rafael Nadal in the longest final in Grand Slam history! ｜ Australian Open 2012 [s43wZcHOikc]_frame_11119.jpg
82,test,1,1,../video/frames/test/play/Novak Djokovic vs Rafael Nadal in the longest final in Grand Slam history! ｜ Australian Open 2012 [s43wZcHOikc]_frame_11120.jpg
83,test,1,1,../video/frames/test/play/Novak Djokovic vs Rafael Nadal in the longest final in Grand Slam history! ｜ Australian Open 2012 [s43wZcHOikc]_frame_11121.jpg
84,test,1,1,../video/frames/test/play/Novak Djokovic vs Rafael Nadal in the longest final in Grand Slam history! ｜ Australian Open 2012 [s43wZcHOikc]_frame_11122.jpg
85,test,1,1,../video/frames/test/play/Novak Djokovic vs Rafael Nadal in the longest final in Grand Slam history! ｜ Australian Open 2012 [s43wZcHOikc]_frame_11123.jpg
86,test,1,1,../video/frames/test/play/Novak Djokovic vs Rafael Nadal in the longest final in Grand Slam history! ｜ Australian Open 2012 [s43wZcHOikc]_frame_11124.jpg
87,test,1,1,../video/frames/test/play/Novak Djokovic vs Rafael Nadal in the longest final in Grand Slam history! ｜ Australian Open 2012 [s43wZcHOikc]_frame_18790.jpg
88,test,1,1,../video/frames/test/play/Novak Djokovic vs Rafael Nadal in the longest final in Grand Slam history! ｜ Australian Open 2012 [s43wZcHOikc]_frame_19073.jpg
89,test,1,1,../video/frames/test/play/Novak Djokovic vs Rafael Nadal in the longest final in Grand Slam history! ｜ Australian Open 2012 [s43wZcHOikc]_frame_19521.jpg
90,test,1,1,../video/frames/test/play/Novak Djokovic vs Rafael Nadal in the longest final in Grand Slam history! ｜ Australian Open 2012 [s43wZcHOikc]_frame_21973.jpg
91,test,1,1,../video/frames/test/play/Novak Djokovic vs Rafael Nadal in the longest final in Grand Slam history! ｜ Australian Open 2012 [s43wZcHOikc]_frame_21976.jpg
92,test,1,0,../video/frames/test/play/Novak Djokovic vs Roger Federer Full Match ｜ Australian Open 2016 Semi Final [uEDXMRYe0zo]_frame_5562.jpg
93,test,1,0,../video/frames/test/play/Novak Djokovic vs Roger Federer Full Match ｜ Australian Open 2016 Semi Final [uEDXMRYe0zo]_frame_5563.jpg
94,test,1,0,../video/frames/test/play/Novak Djokovic vs Roger Federer Full Match ｜ Australian Open 2016 Semi Final [uEDXMRYe0zo]_frame_5564.jpg
95,test,1,0,../video/frames/test/play/Novak Djokovic vs Roger Federer Full Match ｜ Australian Open 2016 Semi Final [uEDXMRYe0zo]_frame_5565.jpg
96,test,1,0,../video/frames/test/play/Novak Djokovic vs Roger Federer Full Match ｜ Australian Open 2016 Semi Final [uEDXMRYe0zo]_frame_5566.jpg
97,test,1,0,../video/frames/test/play/Novak Djokovic vs Roger Federer Full Match ｜ Australian Open 2016 Semi Final [uEDXMRYe0zo]_frame_5567.jpg
98,test,1,0,../video/frames/test/play/Novak Djokovic vs Roger Federer Full Match ｜ Australian Open 2016 Semi Final [uEDXMRYe0zo]_frame_5568.jpg
99,test,1,0,../video/frames/test/play/Novak Djokovic vs Roger Federer Full Match ｜ Australian Open 2016 Semi Final [uEDXMRYe0zo]_frame_5569.jpg
100,test,1,0,../video/frames/test/play/Novak Djokovic vs Roger Federer Full Match ｜ Australian Open 2016 Semi Final [uEDXMRYe0zo]_frame_5570.jpg
101,test,1,0,../video/frames/test/play/Novak Djokovic vs Roger Federer Full Match ｜ Australian Open 2016 Semi Final [uEDXMRYe0zo]_frame_5571.jpg
102,test,1,0,../video/frames/test/play/Novak Djokovic vs Roger Federer Full Match ｜ Australian Open 2016 Semi Final [uEDXMRYe0zo]_frame_5572.jpg
103,test,1,0,../video/frames/test/play/Novak Djokovic vs Roger Federer Full Match ｜ Australian Open 2016 Semi Final [uEDXMRYe0zo]_frame_5573.jpg
104,test,1,0,../video/frames/test/play/Novak Djokovic vs Roger Federer Full Match ｜ Australian Open 2016 Semi Final [uEDXMRYe0zo]_frame_5574.jpg
105,test,1,0,../video/frames/test/play/Novak Djokovic vs Roger Federer Full Match ｜ Australian Open 2016 Semi Final [uEDXMRYe0zo]_frame_5575.jpg
106,test,1,0,../video/frames/test/play/Novak Djokovic vs Roger Federer Full Match ｜ Australian Open 2016 Semi Final [uEDXMRYe0zo]_frame_5576.jpg
107,test,1,0,../video/frames/test/play/Novak Djokovic vs Roger Federer Full Match ｜ Australian Open 2016 Semi Final [uEDXMRYe0zo]_frame_6173.jpg
108,test,1,0,../video/frames/test/play/Novak Djokovic vs Roger Federer Full Match ｜ Australian Open 2016 Semi Final [uEDXMRYe0zo]_frame_6216.jpg
109,test,1,0,../video/frames/test/play/Roger Federer v Rafael Nadal Full Match ｜ Australian Open 2017 Final [KTCDxjJvs2U]_frame_0049.jpg
110,test,1,0,../video/frames/test/play/Roger Federer v Rafael Nadal Full Match ｜ Australian Open 2017 Final [KTCDxjJvs2U]_frame_1592.jpg
111,test,1,0,../video/frames/test/play/Roger Federer v Rafael Nadal Full Match ｜ Australian Open 2017 Final [KTCDxjJvs2U]_frame_1745.jpg
112,test,1,1,../video/frames/test/play/Roger Federer vs Rafael Nadal ｜ Wimbledon 2019 ｜ Full Match [wZnCcqm_g-E]_frame_0028.jpg
113,test,1,1,../video/frames/test/play/Roger Federer vs Rafael Nadal ｜ Wimbledon 2019 ｜ Full Match [wZnCcqm_g-E]_frame_0244.jpg
114,test,1,1,../video/frames/test/play/Roger Federer vs Rafael Nadal ｜ Wimbledon 2019 ｜ Full Match [wZnCcqm_g-E]_frame_0317.jpg
115,test,1,0,../video/frames/test/play/Serena Williams v Venus Williams Full Match ｜ Australian Open 2017 Final [tKIFQI9cH2c]_frame_2812.jpg
116,test,1,0,../video/frames/test/play/Serena Williams v Venus Williams Full Match ｜ Australian Open 2017 Final [tKIFQI9cH2c]_frame_2889.jpg
117,test,1,0,../video/frames/test/play/Serena Williams v Venus Williams Full Match ｜ Australian Open 2017 Final [tKIFQI9cH2c]_frame_3050.jpg
118,test,1,0,../video/frames/test/play/Serena Williams v Venus Williams Full Match ｜ Australian Open 2017 Final [tKIFQI9cH2c]_frame_3325.jpg
119,test,1,0,../video/frames/test/play/Serena Williams vs Angelique Kerber Full Match ｜ Australian Open 2016 Final [autIdKmAQqU]_frame_7275.jpg
120,test,1,0,../video/frames/test/play/Serena Williams vs Angelique Kerber Full Match ｜ Australian Open 2016 Final [autIdKmAQqU]_frame_7276.jpg
121,test,1,0,../video/frames/test/play/Serena Williams vs Angelique Kerber Full Match ｜ Australian Open 2016 Final [autIdKmAQqU]_frame_7277.jpg
122,test,1,0,../video/frames/test/play/Serena Williams vs Angelique Kerber Full Match ｜ Australian Open 2016 Final [autIdKmAQqU]_frame_7278.jpg
123,test,1,0,../video/frames/test/play/Serena Williams vs Angelique Kerber Full Match ｜ Australian Open 2016 Final [autIdKmAQqU]_frame_7279.jpg
124,test,1,0,../video/frames/test/play/Serena Williams vs Angelique Kerber Full Match ｜ Australian Open 2016 Final [autIdKmAQqU]_frame_7280.jpg
125,test,1,0,../video/frames/test/play/Serena Williams vs Angelique Kerber Full Match ｜ Australian Open 2016 Final [autIdKmAQqU]_frame_7281.jpg
126,test,1,0,../video/frames/test/play/Serena Williams vs Angelique Kerber Full Match ｜ Australian Open 2016 Final [autIdKmAQqU]_frame_7282.jpg
127,test,1,0,../video/frames/test/play/Serena Williams vs Angelique Kerber Full Match ｜ Australian Open 2016 Final [autIdKmAQqU]_frame_7283.jpg
128,test,1,0,../video/frames/test/play/Serena Williams vs Angelique Kerber Full Match ｜ Australian Open 2016 Final [autIdKmAQqU]_frame_7284.jpg
129,test,1,0,../video/frames/test/play/Serena Williams vs Angelique Kerber Full Match ｜ Australian Open 2016 Final [autIdKmAQqU]_frame_7285.jpg
130,test,1,0,../video/frames/test/play/Serena Williams vs Angelique Kerber Full Match ｜ Australian Open 2016 Final [autIdKmAQqU]_frame_7286.jpg
131,test,1,0,../video/frames/test/play/Serena Williams vs Angelique Kerber Full Match ｜ Australian Open 2016 Final [autIdKmAQqU]_frame_7287.jpg
132,test,1,0,../video/frames/test/play/Serena Williams vs Angelique Kerber Full Match ｜ Australian Open 2016 Final [autIdKmAQqU]_frame_7288.jpg
133,test,1,0,../video/frames/test/play/Serena Williams vs Angelique Kerber Full Match ｜ Australian Open 2016 Final [autIdKmAQqU]_frame_7345.jpg
134,test,1,0,../video/frames/test/play/Serena Williams vs Angelique Kerber Full Match ｜ Australian Open 2016 Final [autIdKmAQqU]_frame_7346.jpg
135,test,1,0,../video/frames/test/play/Serena Williams vs Angelique Kerber Full Match ｜ Australian Open 2016 Final [autIdKmAQqU]_frame_7347.jpg
136,test,1,0,../video/frames/test/play/Serena Williams vs Angelique Kerber Full Match ｜ Australian Open 2016 Final [autIdKmAQqU]_frame_7348.jpg
137,test,1,0,../video/frames/test/play/Serena Williams vs Angelique Kerber Full Match ｜ Australian Open 2016 Final [autIdKmAQqU]_frame_7349.jpg
138,test,1,0,../video/frames/test/play/Serena Williams vs Angelique Kerber Full Match ｜ Australian Open 2016 Final [autIdKmAQqU]_frame_7350.jpg
139,test,1,0,../video/frames/test/play/Serena Williams vs Angelique Kerber Full Match ｜ Australian Open 2016 Final [autIdKmAQqU]_frame_7351.jpg
140,test,1,0,../video/frames/test/play/Serena Williams vs Angelique Kerber Full Match ｜ Australian Open 2016 Final [autIdKmAQqU]_frame_7352.jpg
141,test,1,0,../video/frames/test/play/Serena Williams vs Angelique Kerber Full Match ｜ Australian Open 2016 Final [autIdKmAQqU]_frame_7353.jpg
142,test,1,0,../video/frames/test/play/Serena Williams vs Angelique Kerber Full Match ｜ Australian Open 2016 Final [autIdKmAQqU]_frame_7354.jpg
143,test,1,0,../video/frames/test/play/Serena Williams vs Angelique Kerber Full Match ｜ Australian Open 2016 Final [autIdKmAQqU]_frame_7355.jpg
144,test,1,0,../video/frames/test/play/Serena Williams vs Angelique Kerber Full Match ｜ Australian Open 2016 Final [autIdKmAQqU]_frame_7356.jpg
145,test,1,0,../video/frames/test/play/Serena Williams vs Angelique Kerber Full Match ｜ Australian Open 2016 Final [autIdKmAQqU]_frame_7357.jpg
146,test,1,0,../video/frames/test/play/Serena Williams vs Angelique Kerber Full Match ｜ Australian Open 2016 Final [autIdKmAQqU]_frame_7358.jpg
147,test,1,0,../video/frames/test/play/Serena Williams vs Angelique Kerber Full Match ｜ Australian Open 2016 Final [autIdKmAQqU]_frame_7359.jpg
148,test,1,0,../video/frames/test/play/Serena Williams vs Angelique Kerber Full Match ｜ Australian Open 2016 Final [autIdKmAQqU]_frame_7360.jpg
149,test,1,0,../video/frames/test/play/Serena Williams vs Angelique Kerber Full Match ｜ Australian Open 2016 Final [autIdKmAQqU]_frame_7361.jpg
150,test,1,0,../video/frames/test/play/Serena Williams vs Angelique Kerber Full Match ｜ Australian Open 2016 Final [autIdKmAQqU]_frame_7362.jpg
151,test,1,0,../video/frames/test/play/Serena Williams vs Angelique Kerber Full Match ｜ Australian Open 2016 Final [autIdKmAQqU]_frame_7363.jpg
152,test,1,0,../video/frames/test/play/Serena Williams vs Angelique Kerber Full Match ｜ Australian Open 2016 Final [autIdKmAQqU]_frame_7364.jpg
153,test,1,0,../video/frames/test/play/Serena Williams vs Angelique Kerber Full Match ｜ Australian Open 2016 Final [autIdKmAQqU]_frame_7365.jpg
154,test,1,0,../video/frames/test/play/Serena Williams vs Angelique Kerber Full Match ｜ Australian Open 2016 Final [autIdKmAQqU]_frame_7366.jpg
155,test,1,0,../video/frames/test/play/Serena Williams vs Angelique Kerber Full Match ｜ Australian Open 2016 Final [autIdKmAQqU]_frame_7367.jpg
156,test,1,0,../video/frames/test/play/Serena Williams vs Angelique Kerber Full Match ｜ Australian Open 2016 Final [autIdKmAQqU]_frame_7368.jpg
157,test,1,0,../video/frames/test/play/Serena Williams vs Angelique Kerber Full Match ｜ Australian Open 2016 Final [autIdKmAQqU]_frame_7369.jpg
158,test,1,0,../video/frames/test/play/Serena Williams vs Angelique Kerber Full Match ｜ Australian Open 2016 Final [autIdKmAQqU]_frame_7419.jpg
159,test,1,0,../video/frames/test/play/Serena Williams vs Angelique Kerber Full Match ｜ Australian Open 2016 Final [autIdKmAQqU]_frame_7420.jpg
160,test,1,0,../video/frames/test/play/Serena Williams vs Angelique Kerber Full Match ｜ Australian Open 2016 Final [autIdKmAQqU]_frame_7421.jpg
161,test,1,0,../video/frames/test/play/Serena Williams vs Angelique Kerber Full Match ｜ Australian Open 2016 Final [autIdKmAQqU]_frame_7422.jpg
162,test,1,0,../video/frames/test/play/Serena Williams vs Angelique Kerber Full Match ｜ Australian Open 2016 Final [autIdKmAQqU]_frame_7423.jpg
163,test,1,0,../video/frames/test/play/Serena Williams vs Angelique Kerber Full Match ｜ Australian Open 2016 Final [autIdKmAQqU]_frame_7424.jpg
164,test,1,0,../video/frames/test/play/Serena Williams vs Angelique Kerber Full Match ｜ Australian Open 2016 Final [autIdKmAQqU]_frame_7425.jpg
165,test,1,0,../video/frames/test/play/Serena Williams vs Angelique Kerber Full Match ｜ Australian Open 2016 Final [autIdKmAQqU]_frame_7426.jpg
166,test,1,0,../video/frames/test/play/Serena Williams vs Angelique Kerber Full Match ｜ Australian Open 2016 Final [autIdKmAQqU]_frame_7427.jpg
167,test,1,0,../video/frames/test/play/Serena Williams vs Angelique Kerber Full Match ｜ Australian Open 2016 Final [autIdKmAQqU]_frame_7428.jpg
168,test,1,0,../video/frames/test/play/Serena Williams vs Angelique Kerber Full Match ｜ Australian Open 2016 Final [autIdKmAQqU]_frame_7429.jpg
169,test,1,0,../video/frames/test/play/Serena Williams vs Angelique Kerber Full Match ｜ Australian Open 2016 Final [autIdKmAQqU]_frame_7430.jpg
170,test,1,0,../video/frames/test/play/Serena Williams vs Angelique Kerber Full Match ｜ Australian Open 2016 Final [autIdKmAQqU]_frame_7431.jpg
171,test,1,0,../video/frames/test/play/Serena Williams vs Angelique Kerber Full Match ｜ Australian Open 2016 Final [autIdKmAQqU]_frame_7613.jpg
172,test,1,0,../video/frames/test/play/Serena Williams vs Angelique Kerber Full Match ｜ Australian Open 2016 Final [autIdKmAQqU]_frame_7614.jpg
173,test,1,0,../video/frames/test/play/Serena Williams vs Angelique Kerber Full Match ｜ Australian Open 2016 Final [autIdKmAQqU]_frame_7655.jpg
174,test,1,0,../video/frames/test/play/Serena Williams vs Angelique Kerber Full Match ｜ Australian Open 2016 Final [autIdKmAQqU]_frame_7661.jpg
175,test,1,0,../video/frames/test/play/Serena Williams vs Angelique Kerber Full Match ｜ Australian Open 2016 Final [autIdKmAQqU]_frame_7932.jpg
176,test,1,1,../video/frames/test/play/Simona Halep vs Serena Williams ｜ Wimbledon 2019 Final (Full Match) [fduc5bZx3ss]_frame_0308.jpg
177,test,1,1,../video/frames/test/play/Simona Halep vs Serena Williams ｜ Wimbledon 2019 Final (Full Match) [fduc5bZx3ss]_frame_0751.jpg
178,test,1,1,../video/frames/test/play/Simona Halep vs Serena Williams ｜ Wimbledon 2019 Final (Full Match) [fduc5bZx3ss]_frame_0862.jpg
179,test,1,1,../video/frames/test/play/Steffi Graf vs Venus Williams ｜ 1999 Wimbledon Quarter-final Replayed [maGQ4ON4Qv8]_frame_0005.jpg
180,test,1,0,../video/frames/test/play/Steffi Graf vs Venus Williams ｜ 1999 Wimbledon Quarter-final Replayed [maGQ4ON4Qv8]_frame_2790.jpg
181,test,0,0,../video/frames/test/waiting/A FINAL FOR THE AGES ｜ Carlos Alcaraz vs Novak Djokovic Full Match ｜ Wimbledon 2023 [5uFAkizQNJI]_frame_10449.jpg
182,test,0,0,../video/frames/test/waiting/A FINAL FOR THE AGES ｜ Carlos Alcaraz vs Novak Djokovic Full Match ｜ Wimbledon 2023 [5uFAkizQNJI]_frame_5806.jpg
183,test,0,0,../video/frames/test/waiting/A FINAL FOR THE AGES ｜ Carlos Alcaraz vs Novak Djokovic Full Match ｜ Wimbledon 2023 [5uFAkizQNJI]_frame_5807.jpg
184,test,0,0,../video/frames/test/waiting/A FINAL FOR THE AGES ｜ Carlos Alcaraz vs Novak Djokovic Full Match ｜ Wimbledon 2023 [5uFAkizQNJI]_frame_5808.jpg
185,test,0,0,../video/frames/test/waiting/A FINAL FOR THE AGES ｜ Carlos Alcaraz vs Novak Djokovic Full Match ｜ Wimbledon 2023 [5uFAkizQNJI]_frame_5809.jpg
186,test,0,0,../video/frames/test/waiting/A FINAL FOR THE AGES ｜ Carlos Alcaraz vs Novak Djokovic Full Match ｜ Wimbledon 2023 [5uFAkizQNJI]_frame_6017.jpg
187,test,0,0,../video/frames/test/waiting/Bjorn Borg vs John McEnroe ｜ Wimbledon 1980 Final ｜ Full Match [hBu0w1-y7mQ]_frame_13642.jpg
188,test,0,0,../video/frames/test/waiting/Bjorn Borg vs John McEnroe ｜ Wimbledon 1980 Final ｜ Full Match [hBu0w1-y7mQ]_frame_14279.jpg
189,test,0,0,../video/frames/test/waiting/Bjorn Borg vs John McEnroe ｜ Wimbledon 1980 Final ｜ Full Match [hBu0w1-y7mQ]_frame_7195.jpg
190,test,0,0,../video/frames/test/waiting/Carlos Alcaraz vs. Casper Ruud Full Match ｜ 2022 US Open Final [HCIhFyeQxu0]_frame_10767.jpg
191,test,0,0,../video/frames/test/waiting/Carlos Alcaraz vs. Casper Ruud Full Match ｜ 2022 US Open Final [HCIhFyeQxu0]_frame_6337.jpg
192,test,0,0,../video/frames/test/waiting/Carlos Alcaraz vs. Casper Ruud Full Match ｜ 2022 US Open Final [HCIhFyeQxu0]_frame_8370.jpg
193,test,0,0,../video/frames/test/waiting/Emma Raducanu vs Leylah Fernandez Full Match ｜ 2021 US Open Final [F99Kz2eptqM]_frame_0185.jpg
194,test,0,1,../video/frames/test/waiting/Emma Raducanu vs Leylah Fernandez Full Match ｜ 2021 US Open Final [F99Kz2eptqM]_frame_0186.jpg
195,test,0,1,../video/frames/test/waiting/Emma Raducanu vs Leylah Fernandez Full Match ｜ 2021 US Open Final [F99Kz2eptqM]_frame_0187.jpg
196,test,0,1,../video/frames/test/waiting/Emma Raducanu vs Leylah Fernandez Full Match ｜ 2021 US Open Final [F99Kz2eptqM]_frame_0188.jpg
197,test,0,0,../video/frames/test/waiting/Emma Raducanu vs Leylah Fernandez Full Match ｜ 2021 US Open Final [F99Kz2eptqM]_frame_0189.jpg
198,test,0,0,../video/frames/test/waiting/Emma Raducanu vs Leylah Fernandez Full Match ｜ 2021 US Open Final [F99Kz2eptqM]_frame_0190.jpg
199,test,0,0,../video/frames/test/waiting/Emma Raducanu vs Leylah Fernandez Full Match ｜ 2021 US Open Final [F99Kz2eptqM]_frame_0191.jpg
200,test,0,0,../video/frames/test/waiting/Emma Raducanu vs Leylah Fernandez Full Match ｜ 2021 US Open Final [F99Kz2eptqM]_frame_0192.jpg
201,test,0,0,../video/frames/test/waiting/Emma Raducanu vs Leylah Fernandez Full Match ｜ 2021 US Open Final [F99Kz2eptqM]_frame_0193.jpg
202,test,0,1,../video/frames/test/waiting/Emma Raducanu vs Leylah Fernandez Full Match ｜ 2021 US Open Final [F99Kz2eptqM]_frame_0194.jpg
203,test,0,1,../video/frames/test/waiting/Emma Raducanu vs Leylah Fernandez Full Match ｜ 2021 US Open Final [F99Kz2eptqM]_frame_0195.jpg
204,test,0,1,../video/frames/test/waiting/Emma Raducanu vs Leylah Fernandez Full Match ｜ 2021 US Open Final [F99Kz2eptqM]_frame_0196.jpg
205,test,0,1,../video/frames/test/waiting/Emma Raducanu vs Leylah Fernandez Full Match ｜ 2021 US Open Final [F99Kz2eptqM]_frame_0197.jpg
206,test,0,1,../video/frames/test/waiting/Emma Raducanu vs Leylah Fernandez Full Match ｜ 2021 US Open Final [F99Kz2eptqM]_frame_0198.jpg
207,test,0,0,../video/frames/test/waiting/Emma Raducanu vs Leylah Fernandez Full Match ｜ 2021 US Open Final [F99Kz2eptqM]_frame_0199.jpg
208,test,0,0,../video/frames/test/waiting/Emma Raducanu vs Leylah Fernandez Full Match ｜ 2021 US Open Final [F99Kz2eptqM]_frame_0200.jpg
209,test,0,1,../video/frames/test/waiting/Emma Raducanu vs Leylah Fernandez Full Match ｜ 2021 US Open Final [F99Kz2eptqM]_frame_0201.jpg
210,test,0,1,../video/frames/test/waiting/Emma Raducanu vs Leylah Fernandez Full Match ｜ 2021 US Open Final [F99Kz2eptqM]_frame_0202.jpg
211,test,0,1,../video/frames/test/waiting/Emma Raducanu vs Leylah Fernandez Full Match ｜ 2021 US Open Final [F99Kz2eptqM]_frame_0203.jpg
212,test,0,0,../video/frames/test/waiting/Emma Raducanu vs Leylah Fernandez Full Match ｜ 2021 US Open Final [F99Kz2eptqM]_frame_0204.jpg
213,test,0,1,../video/frames/test/waiting/Emma Raducanu vs Leylah Fernandez Full Match ｜ 2021 US Open Final [F99Kz2eptqM]_frame_0205.jpg
214,test,0,0,../video/frames/test/waiting/Emma Raducanu vs Leylah Fernandez Full Match ｜ 2021 US Open Final [F99Kz2eptqM]_frame_0206.jpg
215,test,0,0,../video/frames/test/waiting/Emma Raducanu vs Leylah Fernandez Full Match ｜ 2021 US Open Final [F99Kz2eptqM]_frame_0207.jpg
216,test,0,0,../video/frames/test/waiting/Emma Raducanu vs Leylah Fernandez Full Match ｜ 2021 US Open Final [F99Kz2eptqM]_frame_0208.jpg
217,test,0,0,../video/frames/test/waiting/Emma Raducanu vs Leylah Fernandez Full Match ｜ 2021 US Open Final [F99Kz2eptqM]_frame_0209.jpg
218,test,0,0,../video/frames/test/waiting/Emma Raducanu vs Leylah Fernandez Full Match ｜ 2021 US Open Final [F99Kz2eptqM]_frame_0210.jpg
219,test,0,0,../video/frames/test/waiting/Emma Raducanu vs Leylah Fernandez Full Match ｜ 2021 US Open Final [F99Kz2eptqM]_frame_0211.jpg
220,test,0,0,../video/frames/test/waiting/Emma Raducanu vs Leylah Fernandez Full Match ｜ 2021 US Open Final [F99Kz2eptqM]_frame_0212.jpg
221,test,0,0,../video/frames/test/waiting/Emma Raducanu vs Leylah Fernandez Full Match ｜ 2021 US Open Final [F99Kz2eptqM]_frame_0213.jpg
222,test,0,0,../video/frames/test/waiting/Emma Raducanu vs Leylah Fernandez Full Match ｜ 2021 US Open Final [F99Kz2eptqM]_frame_0214.jpg
223,test,0,0,../video/frames/test/waiting/Emma Raducanu vs Leylah Fernandez Full Match ｜ 2021 US Open Final [F99Kz2eptqM]_frame_0215.jpg
224,test,0,0,../video/frames/test/waiting/Emma Raducanu vs Leylah Fernandez Full Match ｜ 2021 US Open Final [F99Kz2eptqM]_frame_0216.jpg
225,test,0,0,../video/frames/test/waiting/Emma Raducanu vs Leylah Fernandez Full Match ｜ 2021 US Open Final [F99Kz2eptqM]_frame_0217.jpg
226,test,0,0,../video/frames/test/waiting/Emma Raducanu vs Leylah Fernandez Full Match ｜ 2021 US Open Final [F99Kz2eptqM]_frame_0218.jpg
227,test,0,0,../video/frames/test/waiting/Emma Raducanu vs Leylah Fernandez Full Match ｜ 2021 US Open Final [F99Kz2eptqM]_frame_0219.jpg
228,test,0,0,../video/frames/test/waiting/Emma Raducanu vs Leylah Fernandez Full Match ｜ 2021 US Open Final [F99Kz2eptqM]_frame_0220.jpg
229,test,0,0,../video/frames/test/waiting/Emma Raducanu vs Leylah Fernandez Full Match ｜ 2021 US Open Final [F99Kz2eptqM]_frame_0221.jpg
230,test,0,0,../video/frames/test/waiting/Emma Raducanu vs Leylah Fernandez Full Match ｜ 2021 US Open Final [F99Kz2eptqM]_frame_0222.jpg
231,test,0,0,../video/frames/test/waiting/Emma Raducanu vs Leylah Fernandez Full Match ｜ 2021 US Open Final [F99Kz2eptqM]_frame_0223.jpg
232,test,0,0,../video/frames/test/waiting/Emma Raducanu vs Leylah Fernandez Full Match ｜ 2021 US Open Final [F99Kz2eptqM]_frame_0224.jpg
233,test,0,0,../video/frames/test/waiting/Emma Raducanu vs Leylah Fernandez Full Match ｜ 2021 US Open Final [F99Kz2eptqM]_frame_3829.jpg
234,test,0,0,../video/frames/test/waiting/Emma Raducanu vs Leylah Fernandez Full Match ｜ 2021 US Open Final [F99Kz2eptqM]_frame_4855.jpg
235,test,0,0,../video/frames/test/waiting/Emma Raducanu vs Leylah Fernandez Full Match ｜ 2021 US Open Final [F99Kz2eptqM]_frame_4895.jpg
236,test,0,0,../video/frames/test/waiting/Juan Martin del Potro vs Rafael Nadal ｜ Wimbledon 2018 ｜ Full Match [S5LVbZUgM48]_frame_0188.jpg
237,test,0,0,../video/frames/test/waiting/Juan Martin del Potro vs Rafael Nadal ｜ Wimbledon 2018 ｜ Full Match [S5LVbZUgM48]_frame_0358.jpg
238,test,0,0,../video/frames/test/waiting/Novak Djokovic vs Daniil Medvedev Full Match ｜ Australian Open 2021 Final [MG-RjlqyaJI]_frame_0003.jpg
239,test,0,0,../video/frames/test/waiting/Novak Djokovic vs Daniil Medvedev Full Match ｜ Australian Open 2021 Final [MG-RjlqyaJI]_frame_5741.jpg
240,test,0,0,../video/frames/test/waiting/Novak Djokovic vs Daniil Medvedev Full Match ｜ Australian Open 2021 Final [MG-RjlqyaJI]_frame_5934.jpg
241,test,0,0,../video/frames/test/waiting/Novak Djokovic vs Rafael Nadal in the longest final in Grand Slam history! ｜ Australian Open 2012 [s43wZcHOikc]_frame_0004.jpg
242,test,0,0,../video/frames/test/waiting/Novak Djokovic vs Rafael Nadal in the longest final in Grand Slam history! ｜ Australian Open 2012 [s43wZcHOikc]_frame_0126.jpg
243,test,0,0,../video/frames/test/waiting/Novak Djokovic vs Rafael Nadal in the longest final in Grand Slam history! ｜ Australian Open 2012 [s43wZcHOikc]_frame_0130.jpg
244,test,0,0,../video/frames/test/waiting/Novak Djokovic vs Rafael Nadal in the longest final in Grand Slam history! ｜ Australian Open 2012 [s43wZcHOikc]_frame_0181.jpg
245,test,0,0,../video/frames/test/waiting/Novak Djokovic vs Rafael Nadal in the longest final in Grand Slam history! ｜ Australian Open 2012 [s43wZcHOikc]_frame_0191.jpg
246,test,0,0,../video/frames/test/waiting/Novak Djokovic vs Rafael Nadal in the longest final in Grand Slam history! ｜ Australian Open 2012 [s43wZcHOikc]_frame_0213.jpg
247,test,0,0,../video/frames/test/waiting/Novak Djokovic vs Rafael Nadal in the longest final in Grand Slam history! ｜ Australian Open 2012 [s43wZcHOikc]_frame_10822.jpg
248,test,0,0,../video/frames/test/waiting/Novak Djokovic vs Rafael Nadal in the longest final in Grand Slam history! ｜ Australian Open 2012 [s43wZcHOikc]_frame_10823.jpg
249,test,0,0,../video/frames/test/waiting/Novak Djokovic vs Rafael Nadal in the longest final in Grand Slam history! ｜ Australian Open 2012 [s43wZcHOikc]_frame_10824.jpg
250,test,0,0,../video/frames/test/waiting/Novak Djokovic vs Rafael Nadal in the longest final in Grand Slam history! ｜ Australian Open 2012 [s43wZcHOikc]_frame_10825.jpg
251,test,0,0,../video/frames/test/waiting/Novak Djokovic vs Rafael Nadal in the longest final in Grand Slam history! ｜ Australian Open 2012 [s43wZcHOikc]_frame_10826.jpg
252,test,0,0,../video/frames/test/waiting/Novak Djokovic vs Rafael Nadal in the longest final in Grand Slam history! ｜ Australian Open 2012 [s43wZcHOikc]_frame_10827.jpg
253,test,0,0,../video/frames/test/waiting/Novak Djokovic vs Rafael Nadal in the longest final in Grand Slam history! ｜ Australian Open 2012 [s43wZcHOikc]_frame_10828.jpg
254,test,0,0,../video/frames/test/waiting/Novak Djokovic vs Rafael Nadal in the longest final in Grand Slam history! ｜ Australian Open 2012 [s43wZcHOikc]_frame_10829.jpg
255,test,0,0,../video/frames/test/waiting/Novak Djokovic vs Rafael Nadal in the longest final in Grand Slam history! ｜ Australian Open 2012 [s43wZcHOikc]_frame_10830.jpg
256,test,0,0,../video/frames/test/waiting/Novak Djokovic vs Rafael Nadal in the longest final in Grand Slam history! ｜ Australian Open 2012 [s43wZcHOikc]_frame_10831.jpg
257,test,0,0,../video/frames/test/waiting/Novak Djokovic vs Rafael Nadal in the longest final in Grand Slam history! ｜ Australian Open 2012 [s43wZcHOikc]_frame_10832.jpg
258,test,0,0,../video/frames/test/waiting/Novak Djokovic vs Rafael Nadal in the longest final in Grand Slam history! ｜ Australian Open 2012 [s43wZcHOikc]_frame_10833.jpg
259,test,0,0,../video/frames/test/waiting/Novak Djokovic vs Rafael Nadal in the longest final in Grand Slam history! ｜ Australian Open 2012 [s43wZcHOikc]_frame_10834.jpg
260,test,0,0,../video/frames/test/waiting/Novak Djokovic vs Rafael Nadal in the longest final in Grand Slam history! ｜ Australian Open 2012 [s43wZcHOikc]_frame_10835.jpg
261,test,0,0,../video/frames/test/waiting/Novak Djokovic vs Rafael Nadal in the longest final in Grand Slam history! ｜ Australian Open 2012 [s43wZcHOikc]_frame_10836.jpg
262,test,0,0,../video/frames/test/waiting/Novak Djokovic vs Rafael Nadal in the longest final in Grand Slam history! ｜ Australian Open 2012 [s43wZcHOikc]_frame_11150.jpg
263,test,0,0,../video/frames/test/waiting/Novak Djokovic vs Rafael Nadal in the longest final in Grand Slam history! ｜ Australian Open 2012 [s43wZcHOikc]_frame_11151.jpg
264,test,0,0,../video/frames/test/waiting/Novak Djokovic vs Rafael Nadal in the longest final in Grand Slam history! ｜ Australian Open 2012 [s43wZcHOikc]_frame_11152.jpg
265,test,0,0,../video/frames/test/waiting/Novak Djokovic vs Rafael Nadal in the longest final in Grand Slam history! ｜ Australian Open 2012 [s43wZcHOikc]_frame_11153.jpg
266,test,0,0,../video/frames/test/waiting/Novak Djokovic vs Rafael Nadal in the longest final in Grand Slam history! ｜ Australian Open 2012 [s43wZcHOikc]_frame_11154.jpg
267,test,0,0,../video/frames/test/waiting/Novak Djokovic vs Rafael Nadal in the longest final in Grand Slam history! ｜ Australian Open 2012 [s43wZcHOikc]_frame_18666.jpg
268,test,0,0,../video/frames/test/waiting/Novak Djokovic vs Rafael Nadal in the longest final in Grand Slam history! ｜ Australian Open 2012 [s43wZcHOikc]_frame_18773.jpg
269,test,0,0,../video/frames/test/waiting/Novak Djokovic vs Rafael Nadal in the longest final in Grand Slam history! ｜ Australian Open 2012 [s43wZcHOikc]_frame_19516.jpg
270,test,0,0,../video/frames/test/waiting/Novak Djokovic vs Rafael Nadal in the longest final in Grand Slam history! ｜ Australian Open 2012 [s43wZcHOikc]_frame_22034.jpg
271,test,0,0,../video/frames/test/waiting/Novak Djokovic vs Rafael Nadal in the longest final in Grand Slam history! ｜ Australian Open 2012 [s43wZcHOikc]_frame_22104.jpg
272,test,0,0,../video/frames/test/waiting/Novak Djokovic vs Roger Federer Full Match ｜ Australian Open 2016 Semi Final [uEDXMRYe0zo]_frame_3669.jpg
273,test,0,1,../video/frames/test/waiting/Novak Djokovic vs Roger Federer Full Match ｜ Australian Open 2016 Semi Final [uEDXMRYe0zo]_frame_5577.jpg
274,test,0,1,../video/frames/test/waiting/Novak Djokovic vs Roger Federer Full Match ｜ Australian Open 2016 Semi Final [uEDXMRYe0zo]_frame_5578.jpg
275,test,0,1,../video/frames/test/waiting/Novak Djokovic vs Roger Federer Full Match ｜ Australian Open 2016 Semi Final [uEDXMRYe0zo]_frame_5579.jpg
276,test,0,0,../video/frames/test/waiting/Novak Djokovic vs Roger Federer Full Match ｜ Australian Open 2016 Semi Final [uEDXMRYe0zo]_frame_5580.jpg
277,test,0,0,../video/frames/test/waiting/Novak Djokovic vs Roger Federer Full Match ｜ Australian Open 2016 Semi Final [uEDXMRYe0zo]_frame_5581.jpg
278,test,0,0,../video/frames/test/waiting/Novak Djokovic vs Roger Federer Full Match ｜ Australian Open 2016 Semi Final [uEDXMRYe0zo]_frame_5582.jpg
279,test,0,0,../video/frames/test/waiting/Novak Djokovic vs Roger Federer Full Match ｜ Australian Open 2016 Semi Final [uEDXMRYe0zo]_frame_5583.jpg
280,test,0,0,../video/frames/test/waiting/Novak Djokovic vs Roger Federer Full Match ｜ Australian Open 2016 Semi Final [uEDXMRYe0zo]_frame_5584.jpg
281,test,0,0,../video/frames/test/waiting/Novak Djokovic vs Roger Federer Full Match ｜ Australian Open 2016 Semi Final [uEDXMRYe0zo]_frame_5585.jpg
282,test,0,0,../video/frames/test/waiting/Novak Djokovic vs Roger Federer Full Match ｜ Australian Open 2016 Semi Final [uEDXMRYe0zo]_frame_5586.jpg
283,test,0,0,../video/frames/test/waiting/Novak Djokovic vs Roger Federer Full Match ｜ Australian Open 2016 Semi Final [uEDXMRYe0zo]_frame_5587.jpg
284,test,0,0,../video/frames/test/waiting/Novak Djokovic vs Roger Federer Full Match ｜ Australian Open 2016 Semi Final [uEDXMRYe0zo]_frame_5588.jpg
285,test,0,0,../video/frames/test/waiting/Novak Djokovic vs Roger Federer Full Match ｜ Australian Open 2016 Semi Final [uEDXMRYe0zo]_frame_5589.jpg
286,test,0,0,../video/frames/test/waiting/Novak Djokovic vs Roger Federer Full Match ｜ Australian Open 2016 Semi Final [uEDXMRYe0zo]_frame_5590.jpg
287,test,0,0,../video/frames/test/waiting/Novak Djokovic vs Roger Federer Full Match ｜ Australian Open 2016 Semi Final [uEDXMRYe0zo]_frame_5591.jpg
288,test,0,1,../video/frames/test/waiting/Novak Djokovic vs Roger Federer Full Match ｜ Australian Open 2016 Semi Final [uEDXMRYe0zo]_frame_6271.jpg
289,test,0,0,../video/frames/test/waiting/Roger Federer v Rafael Nadal Full Match ｜ Australian Open 2017 Final [KTCDxjJvs2U]_frame_0014.jpg
290,test,0,0,../video/frames/test/waiting/Roger Federer v Rafael Nadal Full Match ｜ Australian Open 2017 Final [KTCDxjJvs2U]_frame_1646.jpg
291,test,0,0,../video/frames/test/waiting/Roger Federer vs Rafael Nadal ｜ Wimbledon 2019 ｜ Full Match [wZnCcqm_g-E]_frame_0198.jpg
292,test,0,0,../video/frames/test/waiting/Roger Federer vs Rafael Nadal ｜ Wimbledon 2019 ｜ Full Match [wZnCcqm_g-E]_frame_0203.jpg
293,test,0,1,../video/frames/test/waiting/Roger Federer vs Rafael Nadal ｜ Wimbledon 2019 ｜ Full Match [wZnCcqm_g-E]_frame_0406.jpg
294,test,0,1,../video/frames/test/waiting/Roger Federer vs Rafael Nadal ｜ Wimbledon 2019 ｜ Full Match [wZnCcqm_g-E]_frame_0407.jpg
295,test,0,0,../video/frames/test/waiting/Serena Williams v Venus Williams Full Match ｜ Australian Open 2017 Final [tKIFQI9cH2c]_frame_0012.jpg
296,test,0,0,../video/frames/test/waiting/Serena Williams v Venus Williams Full Match ｜ Australian Open 2017 Final [tKIFQI9cH2c]_frame_0021.jpg
297,test,0,0,../video/frames/test/waiting/Serena Williams v Venus Williams Full Match ｜ Australian Open 2017 Final [tKIFQI9cH2c]_frame_2819.jpg
298,test,0,0,../video/frames/test/waiting/Serena Williams v Venus Williams Full Match ｜ Australian Open 2017 Final [tKIFQI9cH2c]_frame_3057.jpg
299,test,0,0,../video/frames/test/waiting/Serena Williams vs Angelique Kerber Full Match ｜ Australian Open 2016 Final [autIdKmAQqU]_frame_0007.jpg
300,test,0,0,../video/frames/test/waiting/Serena Williams vs Angelique Kerber Full Match ｜ Australian Open 2016 Final [autIdKmAQqU]_frame_0135.jpg
301,test,0,1,../video/frames/test/waiting/Serena Williams vs Angelique Kerber Full Match ｜ Australian Open 2016 Final [autIdKmAQqU]_frame_0205.jpg
302,test,0,0,../video/frames/test/waiting/Serena Williams vs Angelique Kerber Full Match ｜ Australian Open 2016 Final [autIdKmAQqU]_frame_7221.jpg
303,test,0,0,../video/frames/test/waiting/Serena Williams vs Angelique Kerber Full Match ｜ Australian Open 2016 Final [autIdKmAQqU]_frame_7222.jpg
304,test,0,0,../video/frames/test/waiting/Serena Williams vs Angelique Kerber Full Match ｜ Australian Open 2016 Final [autIdKmAQqU]_frame_7223.jpg
305,test,0,0,../video/frames/test/waiting/Serena Williams vs Angelique Kerber Full Match ｜ Australian Open 2016 Final [autIdKmAQqU]_frame_7224.jpg
306,test,0,0,../video/frames/test/waiting/Serena Williams vs Angelique Kerber Full Match ｜ Australian Open 2016 Final [autIdKmAQqU]_frame_7225.jpg
307,test,0,0,../video/frames/test/waiting/Serena Williams vs Angelique Kerber Full Match ｜ Australian Open 2016 Final [autIdKmAQqU]_frame_7226.jpg
308,test,0,0,../video/frames/test/waiting/Serena Williams vs Angelique Kerber Full Match ｜ Australian Open 2016 Final [autIdKmAQqU]_frame_7227.jpg
309,test,0,0,../video/frames/test/waiting/Serena Williams vs Angelique Kerber Full Match ｜ Australian Open 2016 Final [autIdKmAQqU]_frame_7228.jpg
310,test,0,0,../video/frames/test/waiting/Serena Williams vs Angelique Kerber Full Match ｜ Australian Open 2016 Final [autIdKmAQqU]_frame_7229.jpg
311,test,0,0,../video/frames/test/waiting/Serena Williams vs Angelique Kerber Full Match ｜ Australian Open 2016 Final [autIdKmAQqU]_frame_7230.jpg
312,test,0,1,../video/frames/test/waiting/Serena Williams vs Angelique Kerber Full Match ｜ Australian Open 2016 Final [autIdKmAQqU]_frame_7231.jpg
313,test,0,0,../video/frames/test/waiting/Serena Williams vs Angelique Kerber Full Match ｜ Australian Open 2016 Final [autIdKmAQqU]_frame_7232.jpg
314,test,0,0,../video/frames/test/waiting/Serena Williams vs Angelique Kerber Full Match ｜ Australian Open 2016 Final [autIdKmAQqU]_frame_7233.jpg
315,test,0,0,../video/frames/test/waiting/Serena Williams vs Angelique Kerber Full Match ｜ Australian Open 2016 Final [autIdKmAQqU]_frame_7234.jpg
316,test,0,0,../video/frames/test/waiting/Serena Williams vs Angelique Kerber Full Match ｜ Australian Open 2016 Final [autIdKmAQqU]_frame_7235.jpg
317,test,0,0,../video/frames/test/waiting/Serena Williams vs Angelique Kerber Full Match ｜ Australian Open 2016 Final [autIdKmAQqU]_frame_7236.jpg
318,test,0,0,../video/frames/test/waiting/Serena Williams vs Angelique Kerber Full Match ｜ Australian Open 2016 Final [autIdKmAQqU]_frame_7237.jpg
319,test,0,0,../video/frames/test/waiting/Serena Williams vs Angelique Kerber Full Match ｜ Australian Open 2016 Final [autIdKmAQqU]_frame_7238.jpg
320,test,0,0,../video/frames/test/waiting/Serena Williams vs Angelique Kerber Full Match ｜ Australian Open 2016 Final [autIdKmAQqU]_frame_7239.jpg
321,test,0,0,../video/frames/test/waiting/Serena Williams vs Angelique Kerber Full Match ｜ Australian Open 2016 Final [autIdKmAQqU]_frame_7240.jpg
322,test,0,0,../video/frames/test/waiting/Serena Williams vs Angelique Kerber Full Match ｜ Australian Open 2016 Final [autIdKmAQqU]_frame_7241.jpg
323,test,0,0,../video/frames/test/waiting/Serena Williams vs Angelique Kerber Full Match ｜ Australian Open 2016 Final [autIdKmAQqU]_frame_7242.jpg
324,test,0,0,../video/frames/test/waiting/Serena Williams vs Angelique Kerber Full Match ｜ Australian Open 2016 Final [autIdKmAQqU]_frame_7243.jpg
325,test,0,0,../video/frames/test/waiting/Serena Williams vs Angelique Kerber Full Match ｜ Australian Open 2016 Final [autIdKmAQqU]_frame_7244.jpg
326,test,0,0,../video/frames/test/waiting/Serena Williams vs Angelique Kerber Full Match ｜ Australian Open 2016 Final [autIdKmAQqU]_frame_7245.jpg
327,test,0,0,../video/frames/test/waiting/Serena Williams vs Angelique Kerber Full Match ｜ Australian Open 2016 Final [autIdKmAQqU]_frame_7246.jpg
328,test,0,0,../video/frames/test/waiting/Serena Williams vs Angelique Kerber Full Match ｜ Australian Open 2016 Final [autIdKmAQqU]_frame_7247.jpg
329,test,0,0,../video/frames/test/waiting/Serena Williams vs Angelique Kerber Full Match ｜ Australian Open 2016 Final [autIdKmAQqU]_frame_7248.jpg
330,test,0,0,../video/frames/test/waiting/Serena Williams vs Angelique Kerber Full Match ｜ Australian Open 2016 Final [autIdKmAQqU]_frame_7249.jpg
331,test,0,0,../video/frames/test/waiting/Serena Williams vs Angelique Kerber Full Match ｜ Australian Open 2016 Final [autIdKmAQqU]_frame_7250.jpg
332,test,0,0,../video/frames/test/waiting/Serena Williams vs Angelique Kerber Full Match ｜ Australian Open 2016 Final [autIdKmAQqU]_frame_7251.jpg
333,test,0,0,../video/frames/test/waiting/Serena Williams vs Angelique Kerber Full Match ｜ Australian Open 2016 Final [autIdKmAQqU]_frame_7252.jpg
334,test,0,0,../video/frames/test/waiting/Serena Williams vs Angelique Kerber Full Match ｜ Australian Open 2016 Final [autIdKmAQqU]_frame_7253.jpg
335,test,0,0,../video/frames/test/waiting/Serena Williams vs Angelique Kerber Full Match ｜ Australian Open 2016 Final [autIdKmAQqU]_frame_7254.jpg
336,test,0,0,../video/frames/test/waiting/Serena Williams vs Angelique Kerber Full Match ｜ Australian Open 2016 Final [autIdKmAQqU]_frame_7255.jpg
337,test,0,0,../video/frames/test/waiting/Serena Williams vs Angelique Kerber Full Match ｜ Australian Open 2016 Final [autIdKmAQqU]_frame_7256.jpg
338,test,0,0,../video/frames/test/waiting/Serena Williams vs Angelique Kerber Full Match ｜ Australian Open 2016 Final [autIdKmAQqU]_frame_7257.jpg
339,test,0,0,../video/frames/test/waiting/Serena Williams vs Angelique Kerber Full Match ｜ Australian Open 2016 Final [autIdKmAQqU]_frame_7258.jpg
340,test,0,0,../video/frames/test/waiting/Serena Williams vs Angelique Kerber Full Match ｜ Australian Open 2016 Final [autIdKmAQqU]_frame_7259.jpg
341,test,0,0,../video/frames/test/waiting/Serena Williams vs Angelique Kerber Full Match ｜ Australian Open 2016 Final [autIdKmAQqU]_frame_7260.jpg
342,test,0,0,../video/frames/test/waiting/Serena Williams vs Angelique Kerber Full Match ｜ Australian Open 2016 Final [autIdKmAQqU]_frame_7261.jpg
343,test,0,0,../video/frames/test/waiting/Serena Williams vs Angelique Kerber Full Match ｜ Australian Open 2016 Final [autIdKmAQqU]_frame_7262.jpg
344,test,0,0,../video/frames/test/waiting/Serena Williams vs Angelique Kerber Full Match ｜ Australian Open 2016 Final [autIdKmAQqU]_frame_7263.jpg
345,test,0,0,../video/frames/test/waiting/Serena Williams vs Angelique Kerber Full Match ｜ Australian Open 2016 Final [autIdKmAQqU]_frame_7264.jpg
346,test,0,0,../video/frames/test/waiting/Serena Williams vs Angelique Kerber Full Match ｜ Australian Open 2016 Final [autIdKmAQqU]_frame_7265.jpg
347,test,0,0,../video/frames/test/waiting/Serena Williams vs Angelique Kerber Full Match ｜ Australian Open 2016 Final [autIdKmAQqU]_frame_7266.jpg
348,test,0,0,../video/frames/test/waiting/Serena Williams vs Angelique Kerber Full Match ｜ Australian Open 2016 Final [autIdKmAQqU]_frame_7267.jpg
349,test,0,0,../video/frames/test/waiting/Serena Williams vs Angelique Kerber Full Match ｜ Australian Open 2016 Final [autIdKmAQqU]_frame_7268.jpg
350,test,0,0,../video/frames/test/waiting/Serena Williams vs Angelique Kerber Full Match ｜ Australian Open 2016 Final [autIdKmAQqU]_frame_7269.jpg
351,test,0,0,../video/frames/test/waiting/Serena Williams vs Angelique Kerber Full Match ｜ Australian Open 2016 Final [autIdKmAQqU]_frame_7270.jpg
352,test,0,0,../video/frames/test/waiting/Serena Williams vs Angelique Kerber Full Match ｜ Australian Open 2016 Final [autIdKmAQqU]_frame_7271.jpg
353,test,0,0,../video/frames/test/waiting/Serena Williams vs Angelique Kerber Full Match ｜ Australian Open 2016 Final [autIdKmAQqU]_frame_7272.jpg
354,test,0,0,../video/frames/test/waiting/Serena Williams vs Angelique Kerber Full Match ｜ Australian Open 2016 Final [autIdKmAQqU]_frame_7273.jpg
355,test,0,0,../video/frames/test/waiting/Serena Williams vs Angelique Kerber Full Match ｜ Australian Open 2016 Final [autIdKmAQqU]_frame_7274.jpg
356,test,0,0,../video/frames/test/waiting/Simona Halep vs Serena Williams ｜ Wimbledon 2019 Final (Full Match) [fduc5bZx3ss]_frame_0218.jpg
357,test,0,0,../video/frames/test/waiting/Simona Halep vs Serena Williams ｜ Wimbledon 2019 Final (Full Match) [fduc5bZx3ss]_frame_0491.jpg
358,test,0,1,../video/frames/test/waiting/Simona Halep vs Serena Williams ｜ Wimbledon 2019 Final (Full Match) [fduc5bZx3ss]_frame_0666.jpg
359,test,0,0,../video/frames/test/waiting/Steffi Graf vs Venus Williams ｜ 1999 Wimbledon Quarter-final Replayed [maGQ4ON4Qv8]_frame_0105.jpg
360,test,0,0,../video/frames/test/waiting/Steffi Graf vs Venus Williams ｜ 1999 Wimbledon Quarter-final Replayed [maGQ4ON4Qv8]_frame_2767.jpg
