image_ID_index,train_or_test,classifier_class,classification_autoencoder,classification_cnn,classification_gpt4v_16x16,classification_gpt4v_25x25,classification_gpt4v_9x9,image_relative_filepath,classification_autoencoder_coord_x,classification_autoencoder_coord_y,classification_cnn_coord_x,classification_cnn_coord_y,classification_gpt4v_16x16_coord_x,classification_gpt4v_16x16_coord_y,classification_gpt4v_25x25_coord_x,classification_gpt4v_25x25_coord_y,classification_gpt4v_9x9_coord_x,classification_gpt4v_9x9_coord_y
1,test,1,1,1,0,0,1,../video/frames/test/play/A FINAL FOR THE AGES ｜ Carlos Alcaraz vs Novak Djokovic Full Match ｜ Wimbledon 2023 [5uFAkizQNJI]_frame_0005.jpg,0.341,0.845,0.448,0.87,0.056,0.167,0.244,0.218,0.064,0.929
2,test,1,1,1,1,1,1,../video/frames/test/play/A FINAL FOR THE AGES ｜ Carlos Alcaraz vs Novak Djokovic Full Match ｜ Wimbledon 2023 [5uFAkizQNJI]_frame_0006.jpg,0.328,0.712,0.398,0.721,0.359,0.767,0.187,0.877,0.168,0.7
3,test,1,1,1,1,1,1,../video/frames/test/play/A FINAL FOR THE AGES ｜ Carlos Alcaraz vs Novak Djokovic Full Match ｜ Wimbledon 2023 [5uFAkizQNJI]_frame_0007.jpg,0.407,0.908,0.238,0.882,0.283,0.756,0.183,0.696,0.345,0.811
4,test,1,1,1,1,1,1,../video/frames/test/play/A FINAL FOR THE AGES ｜ Carlos Alcaraz vs Novak Djokovic Full Match ｜ Wimbledon 2023 [5uFAkizQNJI]_frame_0008.jpg,0.092,0.652,0.053,0.603,0.354,0.728,0.159,0.586,0.378,0.605
5,test,1,1,1,0,0,0,../video/frames/test/play/A FINAL FOR THE AGES ｜ Carlos Alcaraz vs Novak Djokovic Full Match ｜ Wimbledon 2023 [5uFAkizQNJI]_frame_10463.jpg,0.137,0.928,0.094,0.569,0.319,0.232,0.129,0.302,0.388,0.281
6,test,1,0,1,1,0,1,../video/frames/test/play/A FINAL FOR THE AGES ｜ Carlos Alcaraz vs Novak Djokovic Full Match ｜ Wimbledon 2023 [5uFAkizQNJI]_frame_6030.jpg,0.119,0.252,0.251,0.861,0.242,0.815,0.09,0.314,0.276,0.936
7,test,1,0,1,1,1,1,../video/frames/test/play/Bjorn Borg vs John McEnroe ｜ Wimbledon 1980 Final ｜ Full Match [hBu0w1-y7mQ]_frame_11475.jpg,0.259,0.272,0.296,0.57,0.107,0.86,0.172,0.885,0.401,0.662
8,test,1,0,1,0,1,0,../video/frames/test/play/Bjorn Borg vs John McEnroe ｜ Wimbledon 1980 Final ｜ Full Match [hBu0w1-y7mQ]_frame_7543.jpg,0.306,0.275,0.221,0.736,0.251,0.17,0.292,0.596,0.214,0.432
9,test,1,0,1,0,1,1,../video/frames/test/play/Bjorn Borg vs John McEnroe ｜ Wimbledon 1980 Final ｜ Full Match [hBu0w1-y7mQ]_frame_7724.jpg,0.108,0.115,0.396,0.719,0.274,0.417,0.134,0.736,0.301,0.774
10,test,1,1,1,0,0,0,../video/frames/test/play/Carlos Alcaraz vs. Casper Ruud Full Match ｜ 2022 US Open Final [HCIhFyeQxu0]_frame_10758.jpg,0.248,0.655,0.415,0.576,0.108,0.113,0.286,0.341,0.413,0.419
11,test,1,1,1,0,0,1,../video/frames/test/play/Carlos Alcaraz vs. Casper Ruud Full Match ｜ 2022 US Open Final [HCIhFyeQxu0]_frame_6330.jpg,0.416,0.941,0.26,0.837,0.115,0.085,0.348,0.446,0.307,0.936
12,test,1,1,1,0,1,1,../video/frames/test/play/Carlos Alcaraz vs. Casper Ruud Full Match ｜ 2022 US Open Final [HCIhFyeQxu0]_frame_8403.jpg,0.378,0.715,0.312,0.645,0.151,0.109,0.251,0.817,0.206,0.809
13,test,1,1,1,0,1,0,../video/frames/test/play/Emma Raducanu vs Leylah Fernandez Full Match ｜ 2021 US Open Final [F99Kz2eptqM]_frame_0020.jpg,0.103,0.921,0.245,0.925,0.341,0.066,0.337,0.887,0.272,0.104
14,test,1,1,1,0,1,1,../video/frames/test/play/Emma Raducanu vs Leylah Fernandez Full Match ｜ 2021 US Open Final [F99Kz2eptqM]_frame_0276.jpg,0.398,0.648,0.301,0.947,0.068,0.241,0.291,0.734,0.179,0.866
15,test,1,1,1,0,0,0,../video/frames/test/play/Emma Raducanu vs Leylah Fernandez Full Match ｜ 2021 US Open Final [F99Kz2eptqM]_frame_0277.jpg,0.312,0.76,0.174,0.918,0.187,0.406,0.235,0.211,0.086,0.39
16,test,1,1,1,0,0,1,../video/frames/test/play/Emma Raducanu vs Leylah Fernandez Full Match ｜ 2021 US Open Final [F99Kz2eptqM]_frame_0278.jpg,0.224,0.64,0.294,0.673,0.236,0.091,0.39,0.082,0.15,0.557
17,test,1,1,1,1,1,0,../video/frames/test/play/Emma Raducanu vs Leylah Fernandez Full Match ｜ 2021 US Open Final [F99Kz2eptqM]_frame_0279.jpg,0.385,0.775,0.392,0.82,0.091,0.763,0.284,0.7,0.166,0.195
18,test,1,1,1,1,1,0,../video/frames/test/play/Emma Raducanu vs Leylah Fernandez Full Match ｜ 2021 US Open Final [F99Kz2eptqM]_frame_0280.jpg,0.323,0.589,0.106,0.66,0.316,0.741,0.165,0.639,0.328,0.13
19,test,1,1,1,1,1,1,../video/frames/test/play/Emma Raducanu vs Leylah Fernandez Full Match ｜ 2021 US Open Final [F99Kz2eptqM]_frame_0281.jpg,0.362,0.571,0.347,0.822,0.172,0.554,0.161,0.766,0.275,0.68
20,test,1,1,1,1,0,1,../video/frames/test/play/Emma Raducanu vs Leylah Fernandez Full Match ｜ 2021 US Open Final [F99Kz2eptqM]_frame_0282.jpg,0.373,0.561,0.156,0.731,0.447,0.799,0.256,0.183,0.394,0.855
21,test,1,1,1,1,0,1,../video/frames/test/play/Emma Raducanu vs Leylah Fernandez Full Match ｜ 2021 US Open Final [F99Kz2eptqM]_frame_0283.jpg,0.312,0.891,0.335,0.676,0.124,0.689,0.076,0.4,0.086,0.611
22,test,1,1,1,1,1,1,../video/frames/test/play/Emma Raducanu vs Leylah Fernandez Full Match ｜ 2021 US Open Final [F99Kz2eptqM]_frame_0284.jpg,0.338,0.676,0.23,0.717,0.289,0.742,0.292,0.727,0.065,0.613
23,test,1,1,1,1,1,1,../video/frames/test/play/Emma Raducanu vs Leylah Fernandez Full Match ｜ 2021 US Open Final [F99Kz2eptqM]_frame_0285.jpg,0.184,0.838,0.386,0.653,0.239,0.917,0.08,0.87,0.24,0.922
24,test,1,1,1,1,1,1,../video/frames/test/play/Emma Raducanu vs Leylah Fernandez Full Match ｜ 2021 US Open Final [F99Kz2eptqM]_frame_0286.jpg,0.333,0.682,0.206,0.756,0.128,0.556,0.385,0.762,0.1,0.922
25,test,1,1,1,1,0,1,../video/frames/test/play/Emma Raducanu vs Leylah Fernandez Full Match ｜ 2021 US Open Final [F99Kz2eptqM]_frame_0287.jpg,0.352,0.856,0.105,0.645,0.247,0.944,0.171,0.433,0.308,0.683
26,test,1,1,1,1,1,1,../video/frames/test/play/Emma Raducanu vs Leylah Fernandez Full Match ｜ 2021 US Open Final [F99Kz2eptqM]_frame_0288.jpg,0.427,0.864,0.428,0.769,0.413,0.705,0.058,0.691,0.116,0.59
27,test,1,1,1,1,1,1,../video/frames/test/play/Emma Raducanu vs Leylah Fernandez Full Match ｜ 2021 US Open Final [F99Kz2eptqM]_frame_0289.jpg,0.35,0.654,0.088,0.852,0.127,0.625,0.407,0.806,0.165,0.847
28,test,1,1,1,1,1,1,../video/frames/test/play/Emma Raducanu vs Leylah Fernandez Full Match ｜ 2021 US Open Final [F99Kz2eptqM]_frame_0290.jpg,0.236,0.762,0.402,0.639,0.063,0.569,0.26,0.595,0.329,0.844
29,test,1,1,1,1,1,1,../video/frames/test/play/Emma Raducanu vs Leylah Fernandez Full Match ｜ 2021 US Open Final [F99Kz2eptqM]_frame_0291.jpg,0.345,0.738,0.15,0.74,0.286,0.948,0.366,0.704,0.256,0.945
30,test,1,1,1,1,1,1,../video/frames/test/play/Emma Raducanu vs Leylah Fernandez Full Match ｜ 2021 US Open Final [F99Kz2eptqM]_frame_2467.jpg,0.216,0.598,0.293,0.777,0.334,0.655,0.394,0.849,0.214,0.689
31,test,1,1,1,1,1,1,../video/frames/test/play/Emma Raducanu vs Leylah Fernandez Full Match ｜ 2021 US Open Final [F99Kz2eptqM]_frame_2468.jpg,0.312,0.572,0.259,0.904,0.3,0.555,0.389,0.737,0.331,0.769
32,test,1,1,1,1,1,1,../video/frames/test/play/Emma Raducanu vs Leylah Fernandez Full Match ｜ 2021 US Open Final [F99Kz2eptqM]_frame_2469.jpg,0.324,0.815,0.323,0.663,0.207,0.85,0.239,0.888,0.347,0.621
33,test,1,1,1,1,1,1,../video/frames/test/play/Emma Raducanu vs Leylah Fernandez Full Match ｜ 2021 US Open Final [F99Kz2eptqM]_frame_2470.jpg,0.178,0.765,0.339,0.554,0.424,0.759,0.419,0.947,0.311,0.888
34,test,1,1,1,1,1,1,../video/frames/test/play/Emma Raducanu vs Leylah Fernandez Full Match ｜ 2021 US Open Final [F99Kz2eptqM]_frame_2471.jpg,0.139,0.936,0.161,0.845,0.062,0.619,0.07,0.675,0.414,0.637
35,test,1,1,1,1,1,1,../video/frames/test/play/Emma Raducanu vs Leylah Fernandez Full Match ｜ 2021 US Open Final [F99Kz2eptqM]_frame_2472.jpg,0.101,0.892,0.341,0.665,0.349,0.928,0.223,0.863,0.08,0.898
36,test,1,1,1,1,1,1,../video/frames/test/play/Emma Raducanu vs Leylah Fernandez Full Match ｜ 2021 US Open Final [F99Kz2eptqM]_frame_2473.jpg,0.27,0.822,0.434,0.885,0.057,0.803,0.397,0.77,0.324,0.63
37,test,1,1,1,1,1,0,../video/frames/test/play/Emma Raducanu vs Leylah Fernandez Full Match ｜ 2021 US Open Final [F99Kz2eptqM]_frame_2474.jpg,0.081,0.907,0.164,0.95,0.127,0.553,0.261,0.771,0.397,0.181
38,test,1,1,1,1,1,1,../video/frames/test/play/Emma Raducanu vs Leylah Fernandez Full Match ｜ 2021 US Open Final [F99Kz2eptqM]_frame_3919.jpg,0.274,0.872,0.168,0.869,0.268,0.803,0.402,0.574,0.433,0.808
39,test,1,1,1,1,1,1,../video/frames/test/play/Emma Raducanu vs Leylah Fernandez Full Match ｜ 2021 US Open Final [F99Kz2eptqM]_frame_4556.jpg,0.337,0.751,0.234,0.949,0.235,0.689,0.251,0.886,0.241,0.816
40,test,1,1,1,1,1,1,../video/frames/test/play/Emma Raducanu vs Leylah Fernandez Full Match ｜ 2021 US Open Final [F99Kz2eptqM]_frame_4557.jpg,0.343,0.688,0.339,0.617,0.398,0.62,0.389,0.794,0.085,0.595
41,test,1,1,1,1,1,1,../video/frames/test/play/Emma Raducanu vs Leylah Fernandez Full Match ｜ 2021 US Open Final [F99Kz2eptqM]_frame_4558.jpg,0.226,0.632,0.276,0.553,0.056,0.854,0.3,0.566,0.295,0.875
42,test,1,1,1,1,1,1,../video/frames/test/play/Emma Raducanu vs Leylah Fernandez Full Match ｜ 2021 US Open Final [F99Kz2eptqM]_frame_4559.jpg,0.378,0.618,0.145,0.866,0.186,0.884,0.418,0.876,0.083,0.897
43,test,1,1,1,1,1,0,../video/frames/test/play/Emma Raducanu vs Leylah Fernandez Full Match ｜ 2021 US Open Final [F99Kz2eptqM]_frame_4560.jpg,0.401,0.785,0.28,0.939,0.232,0.62,0.334,0.904,0.422,0.175
44,test,1,1,1,0,1,0,../video/frames/test/play/Emma Raducanu vs Leylah Fernandez Full Match ｜ 2021 US Open Final [F99Kz2eptqM]_frame_4842.jpg,0.303,0.919,0.311,0.914,0.401,0.272,0.435,0.692,0.092,0.101
45,test,1,1,1,1,1,0,../video/frames/test/play/Emma Raducanu vs Leylah Fernandez Full Match ｜ 2021 US Open Final [F99Kz2eptqM]_frame_4912.jpg,0.302,0.861,0.101,0.83,0.198,0.825,0.388,0.611,0.36,0.42
46,test,1,1,1,1,1,1,../video/frames/test/play/Emma Raducanu vs Leylah Fernandez Full Match ｜ 2021 US Open Final [F99Kz2eptqM]_frame_4913.jpg,0.125,0.921,0.086,0.935,0.121,0.754,0.302,0.674,0.248,0.551
47,test,1,1,1,1,0,0,../video/frames/test/play/Emma Raducanu vs Leylah Fernandez Full Match ｜ 2021 US Open Final [F99Kz2eptqM]_frame_4914.jpg,0.394,0.584,0.064,0.944,0.056,0.73,0.068,0.078,0.216,0.15
48,test,1,1,1,0,0,0,../video/frames/test/play/Emma Raducanu vs Leylah Fernandez Full Match ｜ 2021 US Open Final [F99Kz2eptqM]_frame_4915.jpg,0.256,0.724,0.139,0.582,0.366,0.069,0.307,0.296,0.382,0.244
49,test,1,1,1,1,0,1,../video/frames/test/play/Emma Raducanu vs Leylah Fernandez Full Match ｜ 2021 US Open Final [F99Kz2eptqM]_frame_4916.jpg,0.112,0.745,0.275,0.818,0.243,0.937,0.12,0.43,0.365,0.806
50,test,1,1,1,1,0,1,../video/frames/test/play/Emma Raducanu vs Leylah Fernandez Full Match ｜ 2021 US Open Final [F99Kz2eptqM]_frame_4917.jpg,0.105,0.922,0.27,0.938,0.342,0.796,0.166,0.106,0.08,0.794
51,test,1,1,1,1,0,1,../video/frames/test/play/Emma Raducanu vs Leylah Fernandez Full Match ｜ 2021 US Open Final [F99Kz2eptqM]_frame_4918.jpg,0.159,0.73,0.051,0.697,0.278,0.718,0.167,0.052,0.109,0.693
52,test,1,1,1,0,0,1,../video/frames/test/play/Emma Raducanu vs Leylah Fernandez Full Match ｜ 2021 US Open Final [F99Kz2eptqM]_frame_4919.jpg,0.414,0.747,0.153,0.858,0.146,0.44,0.426,0.234,0.431,0.875
53,test,1,1,1,1,0,1,../video/frames/test/play/Emma Raducanu vs Leylah Fernandez Full Match ｜ 2021 US Open Final [F99Kz2eptqM]_frame_4920.jpg,0.061,0.858,0.093,0.845,0.216,0.95,0.188,0.32,0.3,0.837
54,test,1,1,1,1,0,1,../video/frames/test/play/Emma Raducanu vs Leylah Fernandez Full Match ｜ 2021 US Open Final [F99Kz2eptqM]_frame_5012.jpg,0.251,0.938,0.268,0.611,0.229,0.894,0.083,0.259,0.197,0.578
55,test,1,1,1,1,0,0,../video/frames/test/play/Emma Raducanu vs Leylah Fernandez Full Match ｜ 2021 US Open Final [F99Kz2eptqM]_frame_5013.jpg,0.303,0.791,0.244,0.702,0.29,0.792,0.41,0.25,0.2,0.173
56,test,1,0,1,0,0,1,../video/frames/test/play/Juan Martin del Potro vs Rafael Nadal ｜ Wimbledon 2018 ｜ Full Match [S5LVbZUgM48]_frame_0216.jpg,0.152,0.095,0.137,0.916,0.24,0.345,0.213,0.357,0.385,0.559
57,test,1,0,1,0,0,1,../video/frames/test/play/Juan Martin del Potro vs Rafael Nadal ｜ Wimbledon 2018 ｜ Full Match [S5LVbZUgM48]_frame_0389.jpg,0.267,0.315,0.375,0.551,0.407,0.323,0.449,0.32,0.063,0.584
58,test,1,0,1,0,0,1,../video/frames/test/play/Novak Djokovic vs Daniil Medvedev Full Match ｜ Australian Open 2021 Final [MG-RjlqyaJI]_frame_5635.jpg,0.401,0.089,0.344,0.793,0.173,0.212,0.364,0.242,0.098,0.823
59,test,1,0,1,1,0,1,../video/frames/test/play/Novak Djokovic vs Daniil Medvedev Full Match ｜ Australian Open 2021 Final [MG-RjlqyaJI]_frame_5825.jpg,0.134,0.343,0.178,0.914,0.162,0.594,0.402,0.259,0.199,0.554
60,test,1,0,1,1,0,1,../video/frames/test/play/Novak Djokovic vs Daniil Medvedev Full Match ｜ Australian Open 2021 Final [MG-RjlqyaJI]_frame_6015.jpg,0.372,0.068,0.062,0.722,0.083,0.785,0.215,0.347,0.173,0.911
61,test,1,1,0,0,0,1,../video/frames/test/play/Novak Djokovic vs Rafael Nadal in the longest final in Grand Slam history! ｜ Australian Open 2012 [s43wZcHOikc]_frame_0852.jpg,0.24,0.906,0.073,0.312,0.211,0.058,0.353,0.424,0.364,0.897
62,test,1,1,0,0,0,1,../video/frames/test/play/Novak Djokovic vs Rafael Nadal in the longest final in Grand Slam history! ｜ Australian Open 2012 [s43wZcHOikc]_frame_0949.jpg,0.109,0.873,0.076,0.295,0.435,0.229,0.14,0.158,0.081,0.698
63,test,1,1,0,1,0,1,../video/frames/test/play/Novak Djokovic vs Rafael Nadal in the longest final in Grand Slam history! ｜ Australian Open 2012 [s43wZcHOikc]_frame_0950.jpg,0.329,0.75,0.177,0.229,0.328,0.729,0.294,0.133,0.314,0.746
64,test,1,1,0,1,0,1,../video/frames/test/play/Novak Djokovic vs Rafael Nadal in the longest final in Grand Slam history! ｜ Australian Open 2012 [s43wZcHOikc]_frame_0951.jpg,0.399,0.746,0.294,0.333,0.249,0.925,0.114,0.214,0.376,0.944
65,test,1,1,0,1,0,1,../video/frames/test/play/Novak Djokovic vs Rafael Nadal in the longest final in Grand Slam history! ｜ Australian Open 2012 [s43wZcHOikc]_frame_0952.jpg,0.431,0.617,0.198,0.097,0.221,0.677,0.394,0.351,0.439,0.726
66,test,1,1,0,1,0,1,../video/frames/test/play/Novak Djokovic vs Rafael Nadal in the longest final in Grand Slam history! ｜ Australian Open 2012 [s43wZcHOikc]_frame_0953.jpg,0.104,0.914,0.35,0.212,0.447,0.888,0.435,0.234,0.34,0.61
67,test,1,1,0,1,0,1,../video/frames/test/play/Novak Djokovic vs Rafael Nadal in the longest final in Grand Slam history! ｜ Australian Open 2012 [s43wZcHOikc]_frame_11105.jpg,0.054,0.947,0.436,0.073,0.41,0.778,0.057,0.105,0.186,0.579
68,test,1,1,0,1,0,1,../video/frames/test/play/Novak Djokovic vs Rafael Nadal in the longest final in Grand Slam history! ｜ Australian Open 2012 [s43wZcHOikc]_frame_11106.jpg,0.357,0.785,0.136,0.113,0.224,0.834,0.105,0.324,0.317,0.625
69,test,1,1,0,0,0,1,../video/frames/test/play/Novak Djokovic vs Rafael Nadal in the longest final in Grand Slam history! ｜ Australian Open 2012 [s43wZcHOikc]_frame_11107.jpg,0.062,0.819,0.342,0.364,0.09,0.298,0.117,0.356,0.413,0.901
70,test,1,1,0,0,0,1,../video/frames/test/play/Novak Djokovic vs Rafael Nadal in the longest final in Grand Slam history! ｜ Australian Open 2012 [s43wZcHOikc]_frame_11108.jpg,0.08,0.778,0.294,0.435,0.311,0.331,0.167,0.435,0.236,0.671
71,test,1,1,0,0,0,1,../video/frames/test/play/Novak Djokovic vs Rafael Nadal in the longest final in Grand Slam history! ｜ Australian Open 2012 [s43wZcHOikc]_frame_11109.jpg,0.28,0.837,0.159,0.139,0.344,0.084,0.158,0.069,0.297,0.844
72,test,1,1,0,0,0,1,../video/frames/test/play/Novak Djokovic vs Rafael Nadal in the longest final in Grand Slam history! ｜ Australian Open 2012 [s43wZcHOikc]_frame_11110.jpg,0.41,0.775,0.354,0.367,0.186,0.179,0.121,0.288,0.401,0.791
73,test,1,1,0,0,0,1,../video/frames/test/play/Novak Djokovic vs Rafael Nadal in the longest final in Grand Slam history! ｜ Australian Open 2012 [s43wZcHOikc]_frame_11111.jpg,0.425,0.91,0.056,0.34,0.069,0.281,0.068,0.287,0.323,0.595
74,test,1,1,0,0,0,1,../video/frames/test/play/Novak Djokovic vs Rafael Nadal in the longest final in Grand Slam history! ｜ Australian Open 2012 [s43wZcHOikc]_frame_11112.jpg,0.06,0.605,0.227,0.249,0.297,0.398,0.269,0.229,0.204,0.903
75,test,1,1,0,0,0,1,../video/frames/test/play/Novak Djokovic vs Rafael Nadal in the longest final in Grand Slam history! ｜ Australian Open 2012 [s43wZcHOikc]_frame_11113.jpg,0.217,0.716,0.168,0.301,0.295,0.336,0.279,0.333,0.38,0.825
76,test,1,1,0,0,0,1,../video/frames/test/play/Novak Djokovic vs Rafael Nadal in the longest final in Grand Slam history! ｜ Australian Open 2012 [s43wZcHOikc]_frame_11114.jpg,0.39,0.694,0.381,0.15,0.269,0.153,0.178,0.415,0.322,0.762
77,test,1,0,0,0,0,0,../video/frames/test/play/Novak Djokovic vs Rafael Nadal in the longest final in Grand Slam history! ｜ Australian Open 2012 [s43wZcHOikc]_frame_11115.jpg,0.404,0.055,0.079,0.394,0.177,0.405,0.419,0.222,0.277,0.403
78,test,1,1,0,0,0,1,../video/frames/test/play/Novak Djokovic vs Rafael Nadal in the longest final in Grand Slam history! ｜ Australian Open 2012 [s43wZcHOikc]_frame_11116.jpg,0.426,0.699,0.44,0.327,0.267,0.277,0.421,0.421,0.244,0.771
79,test,1,1,0,0,0,1,../video/frames/test/play/Novak Djokovic vs Rafael Nadal in the longest final in Grand Slam history! ｜ Australian Open 2012 [s43wZcHOikc]_frame_11117.jpg,0.416,0.66,0.094,0.394,0.229,0.277,0.12,0.164,0.088,0.849
80,test,1,1,0,0,0,1,../video/frames/test/play/Novak Djokovic vs Rafael Nadal in the longest final in Grand Slam history! ｜ Australian Open 2012 [s43wZcHOikc]_frame_11118.jpg,0.165,0.793,0.386,0.226,0.158,0.244,0.053,0.142,0.254,0.703
81,test,1,1,0,0,0,1,../video/frames/test/play/Novak Djokovic vs Rafael Nadal in the longest final in Grand Slam history! ｜ Australian Open 2012 [s43wZcHOikc]_frame_11119.jpg,0.054,0.944,0.376,0.134,0.172,0.392,0.117,0.324,0.25,0.772
82,test,1,1,0,0,0,1,../video/frames/test/play/Novak Djokovic vs Rafael Nadal in the longest final in Grand Slam history! ｜ Australian Open 2012 [s43wZcHOikc]_frame_11120.jpg,0.223,0.685,0.214,0.15,0.242,0.226,0.426,0.335,0.084,0.561
83,test,1,1,0,0,0,1,../video/frames/test/play/Novak Djokovic vs Rafael Nadal in the longest final in Grand Slam history! ｜ Australian Open 2012 [s43wZcHOikc]_frame_11121.jpg,0.426,0.878,0.233,0.394,0.383,0.41,0.323,0.339,0.314,0.621
84,test,1,1,0,0,0,1,../video/frames/test/play/Novak Djokovic vs Rafael Nadal in the longest final in Grand Slam history! ｜ Australian Open 2012 [s43wZcHOikc]_frame_11122.jpg,0.247,0.759,0.326,0.078,0.29,0.295,0.333,0.287,0.196,0.555
85,test,1,1,0,0,0,1,../video/frames/test/play/Novak Djokovic vs Rafael Nadal in the longest final in Grand Slam history! ｜ Australian Open 2012 [s43wZcHOikc]_frame_11123.jpg,0.343,0.659,0.115,0.176,0.212,0.316,0.239,0.105,0.25,0.885
86,test,1,1,0,0,0,1,../video/frames/test/play/Novak Djokovic vs Rafael Nadal in the longest final in Grand Slam history! ｜ Australian Open 2012 [s43wZcHOikc]_frame_11124.jpg,0.422,0.653,0.149,0.379,0.051,0.408,0.112,0.358,0.071,0.578
87,test,1,1,0,0,0,1,../video/frames/test/play/Novak Djokovic vs Rafael Nadal in the longest final in Grand Slam history! ｜ Australian Open 2012 [s43wZcHOikc]_frame_18790.jpg,0.108,0.73,0.392,0.396,0.09,0.294,0.166,0.064,0.411,0.884
88,test,1,1,0,0,0,1,../video/frames/test/play/Novak Djokovic vs Rafael Nadal in the longest final in Grand Slam history! ｜ Australian Open 2012 [s43wZcHOikc]_frame_19073.jpg,0.154,0.78,0.437,0.247,0.227,0.055,0.171,0.274,0.391,0.578
89,test,1,1,0,0,0,1,../video/frames/test/play/Novak Djokovic vs Rafael Nadal in the longest final in Grand Slam history! ｜ Australian Open 2012 [s43wZcHOikc]_frame_19521.jpg,0.074,0.812,0.07,0.167,0.384,0.062,0.251,0.293,0.063,0.83
90,test,1,1,0,1,0,1,../video/frames/test/play/Novak Djokovic vs Rafael Nadal in the longest final in Grand Slam history! ｜ Australian Open 2012 [s43wZcHOikc]_frame_21973.jpg,0.306,0.557,0.286,0.109,0.06,0.77,0.408,0.246,0.125,0.778
91,test,1,1,0,1,0,1,../video/frames/test/play/Novak Djokovic vs Rafael Nadal in the longest final in Grand Slam history! ｜ Australian Open 2012 [s43wZcHOikc]_frame_21976.jpg,0.303,0.576,0.4,0.292,0.097,0.669,0.179,0.056,0.286,0.719
92,test,1,0,1,1,0,1,../video/frames/test/play/Novak Djokovic vs Roger Federer Full Match ｜ Australian Open 2016 Semi Final [uEDXMRYe0zo]_frame_5562.jpg,0.383,0.168,0.315,0.869,0.179,0.931,0.088,0.202,0.115,0.806
93,test,1,0,1,0,0,1,../video/frames/test/play/Novak Djokovic vs Roger Federer Full Match ｜ Australian Open 2016 Semi Final [uEDXMRYe0zo]_frame_5563.jpg,0.073,0.275,0.303,0.883,0.419,0.274,0.393,0.185,0.412,0.562
94,test,1,0,1,0,0,1,../video/frames/test/play/Novak Djokovic vs Roger Federer Full Match ｜ Australian Open 2016 Semi Final [uEDXMRYe0zo]_frame_5564.jpg,0.056,0.333,0.449,0.562,0.262,0.266,0.203,0.225,0.441,0.584
95,test,1,0,1,0,0,1,../video/frames/test/play/Novak Djokovic vs Roger Federer Full Match ｜ Australian Open 2016 Semi Final [uEDXMRYe0zo]_frame_5565.jpg,0.42,0.151,0.131,0.899,0.308,0.24,0.241,0.103,0.055,0.641
96,test,1,0,1,0,0,1,../video/frames/test/play/Novak Djokovic vs Roger Federer Full Match ｜ Australian Open 2016 Semi Final [uEDXMRYe0zo]_frame_5566.jpg,0.278,0.321,0.364,0.643,0.414,0.367,0.254,0.132,0.228,0.753
97,test,1,0,1,1,0,1,../video/frames/test/play/Novak Djokovic vs Roger Federer Full Match ｜ Australian Open 2016 Semi Final [uEDXMRYe0zo]_frame_5567.jpg,0.17,0.257,0.102,0.867,0.092,0.591,0.304,0.368,0.369,0.786
98,test,1,0,1,1,0,1,../video/frames/test/play/Novak Djokovic vs Roger Federer Full Match ｜ Australian Open 2016 Semi Final [uEDXMRYe0zo]_frame_5568.jpg,0.082,0.271,0.339,0.728,0.343,0.671,0.256,0.183,0.429,0.928
99,test,1,0,1,1,0,1,../video/frames/test/play/Novak Djokovic vs Roger Federer Full Match ｜ Australian Open 2016 Semi Final [uEDXMRYe0zo]_frame_5569.jpg,0.239,0.11,0.321,0.644,0.153,0.793,0.371,0.398,0.103,0.71
100,test,1,0,1,1,0,1,../video/frames/test/play/Novak Djokovic vs Roger Federer Full Match ｜ Australian Open 2016 Semi Final [uEDXMRYe0zo]_frame_5570.jpg,0.187,0.312,0.104,0.622,0.262,0.69,0.232,0.341,0.12,0.744
101,test,1,0,1,1,0,1,../video/frames/test/play/Novak Djokovic vs Roger Federer Full Match ｜ Australian Open 2016 Semi Final [uEDXMRYe0zo]_frame_5571.jpg,0.145,0.406,0.159,0.579,0.294,0.86,0.227,0.324,0.417,0.747
102,test,1,0,1,1,0,1,../video/frames/test/play/Novak Djokovic vs Roger Federer Full Match ｜ Australian Open 2016 Semi Final [uEDXMRYe0zo]_frame_5572.jpg,0.179,0.34,0.078,0.72,0.132,0.872,0.148,0.357,0.314,0.595
103,test,1,0,1,1,0,1,../video/frames/test/play/Novak Djokovic vs Roger Federer Full Match ｜ Australian Open 2016 Semi Final [uEDXMRYe0zo]_frame_5573.jpg,0.137,0.351,0.177,0.908,0.233,0.811,0.362,0.335,0.282,0.84
104,test,1,0,1,1,0,1,../video/frames/test/play/Novak Djokovic vs Roger Federer Full Match ｜ Australian Open 2016 Semi Final [uEDXMRYe0zo]_frame_5574.jpg,0.358,0.359,0.192,0.684,0.148,0.832,0.361,0.394,0.354,0.789
105,test,1,0,1,0,0,1,../video/frames/test/play/Novak Djokovic vs Roger Federer Full Match ｜ Australian Open 2016 Semi Final [uEDXMRYe0zo]_frame_5575.jpg,0.166,0.364,0.05,0.669,0.165,0.234,0.079,0.416,0.089,0.565
106,test,1,0,1,0,0,1,../video/frames/test/play/Novak Djokovic vs Roger Federer Full Match ｜ Australian Open 2016 Semi Final [uEDXMRYe0zo]_frame_5576.jpg,0.118,0.239,0.099,0.792,0.09,0.21,0.12,0.437,0.179,0.554
107,test,1,0,1,0,0,1,../video/frames/test/play/Novak Djokovic vs Roger Federer Full Match ｜ Australian Open 2016 Semi Final [uEDXMRYe0zo]_frame_6173.jpg,0.299,0.351,0.254,0.773,0.437,0.331,0.168,0.37,0.229,0.677
108,test,1,0,1,0,0,1,../video/frames/test/play/Novak Djokovic vs Roger Federer Full Match ｜ Australian Open 2016 Semi Final [uEDXMRYe0zo]_frame_6216.jpg,0.092,0.189,0.365,0.886,0.088,0.274,0.18,0.413,0.076,0.736
109,test,1,0,1,0,0,0,../video/frames/test/play/Roger Federer v Rafael Nadal Full Match ｜ Australian Open 2017 Final [KTCDxjJvs2U]_frame_0049.jpg,0.319,0.192,0.138,0.921,0.151,0.189,0.082,0.111,0.211,0.118
110,test,1,0,1,0,0,1,../video/frames/test/play/Roger Federer v Rafael Nadal Full Match ｜ Australian Open 2017 Final [KTCDxjJvs2U]_frame_1592.jpg,0.073,0.353,0.081,0.614,0.175,0.248,0.333,0.356,0.367,0.605
111,test,1,0,0,0,0,1,../video/frames/test/play/Roger Federer v Rafael Nadal Full Match ｜ Australian Open 2017 Final [KTCDxjJvs2U]_frame_1745.jpg,0.186,0.292,0.298,0.282,0.352,0.245,0.075,0.227,0.226,0.797
112,test,1,1,1,0,0,1,../video/frames/test/play/Roger Federer vs Rafael Nadal ｜ Wimbledon 2019 ｜ Full Match [wZnCcqm_g-E]_frame_0028.jpg,0.293,0.564,0.237,0.639,0.07,0.167,0.226,0.126,0.167,0.677
113,test,1,1,1,0,0,1,../video/frames/test/play/Roger Federer vs Rafael Nadal ｜ Wimbledon 2019 ｜ Full Match [wZnCcqm_g-E]_frame_0244.jpg,0.355,0.564,0.318,0.906,0.287,0.193,0.353,0.365,0.36,0.62
114,test,1,1,1,0,1,1,../video/frames/test/play/Roger Federer vs Rafael Nadal ｜ Wimbledon 2019 ｜ Full Match [wZnCcqm_g-E]_frame_0317.jpg,0.061,0.888,0.08,0.94,0.126,0.422,0.051,0.928,0.363,0.748
115,test,1,0,1,1,1,1,../video/frames/test/play/Serena Williams v Venus Williams Full Match ｜ Australian Open 2017 Final [tKIFQI9cH2c]_frame_2812.jpg,0.068,0.277,0.056,0.925,0.323,0.653,0.18,0.901,0.24,0.577
116,test,1,0,1,1,0,1,../video/frames/test/play/Serena Williams v Venus Williams Full Match ｜ Australian Open 2017 Final [tKIFQI9cH2c]_frame_2889.jpg,0.266,0.4,0.076,0.879,0.396,0.9,0.117,0.083,0.258,0.743
117,test,1,0,1,1,0,0,../video/frames/test/play/Serena Williams v Venus Williams Full Match ｜ Australian Open 2017 Final [tKIFQI9cH2c]_frame_3050.jpg,0.167,0.427,0.213,0.685,0.178,0.798,0.296,0.201,0.235,0.393
118,test,1,0,1,1,0,0,../video/frames/test/play/Serena Williams v Venus Williams Full Match ｜ Australian Open 2017 Final [tKIFQI9cH2c]_frame_3325.jpg,0.267,0.279,0.074,0.883,0.365,0.734,0.338,0.365,0.361,0.132
119,test,1,0,1,1,0,1,../video/frames/test/play/Serena Williams vs Angelique Kerber Full Match ｜ Australian Open 2016 Final [autIdKmAQqU]_frame_7275.jpg,0.077,0.127,0.37,0.871,0.297,0.803,0.247,0.299,0.188,0.618
120,test,1,0,1,1,0,1,../video/frames/test/play/Serena Williams vs Angelique Kerber Full Match ｜ Australian Open 2016 Final [autIdKmAQqU]_frame_7276.jpg,0.145,0.055,0.255,0.811,0.339,0.555,0.064,0.396,0.421,0.803
121,test,1,0,1,1,0,1,../video/frames/test/play/Serena Williams vs Angelique Kerber Full Match ｜ Australian Open 2016 Final [autIdKmAQqU]_frame_7277.jpg,0.323,0.224,0.434,0.643,0.184,0.667,0.257,0.414,0.406,0.558
122,test,1,0,1,1,0,1,../video/frames/test/play/Serena Williams vs Angelique Kerber Full Match ｜ Australian Open 2016 Final [autIdKmAQqU]_frame_7278.jpg,0.393,0.284,0.105,0.947,0.181,0.642,0.159,0.362,0.205,0.811
123,test,1,0,1,1,0,1,../video/frames/test/play/Serena Williams vs Angelique Kerber Full Match ｜ Australian Open 2016 Final [autIdKmAQqU]_frame_7279.jpg,0.166,0.357,0.351,0.589,0.22,0.56,0.262,0.306,0.362,0.609
124,test,1,0,1,1,0,1,../video/frames/test/play/Serena Williams vs Angelique Kerber Full Match ｜ Australian Open 2016 Final [autIdKmAQqU]_frame_7280.jpg,0.45,0.063,0.373,0.906,0.338,0.569,0.097,0.435,0.073,0.646
125,test,1,0,1,1,0,1,../video/frames/test/play/Serena Williams vs Angelique Kerber Full Match ｜ Australian Open 2016 Final [autIdKmAQqU]_frame_7281.jpg,0.399,0.376,0.433,0.738,0.089,0.891,0.111,0.364,0.301,0.686
126,test,1,0,1,1,0,1,../video/frames/test/play/Serena Williams vs Angelique Kerber Full Match ｜ Australian Open 2016 Final [autIdKmAQqU]_frame_7282.jpg,0.3,0.151,0.315,0.619,0.208,0.92,0.293,0.066,0.27,0.939
127,test,1,0,1,1,0,1,../video/frames/test/play/Serena Williams vs Angelique Kerber Full Match ｜ Australian Open 2016 Final [autIdKmAQqU]_frame_7283.jpg,0.161,0.294,0.259,0.566,0.204,0.813,0.312,0.27,0.135,0.717
128,test,1,0,1,1,0,1,../video/frames/test/play/Serena Williams vs Angelique Kerber Full Match ｜ Australian Open 2016 Final [autIdKmAQqU]_frame_7284.jpg,0.299,0.051,0.373,0.883,0.177,0.891,0.156,0.117,0.215,0.578
129,test,1,0,1,0,0,1,../video/frames/test/play/Serena Williams vs Angelique Kerber Full Match ｜ Australian Open 2016 Final [autIdKmAQqU]_frame_7285.jpg,0.239,0.234,0.197,0.623,0.18,0.143,0.125,0.333,0.391,0.739
130,test,1,0,1,0,0,1,../video/frames/test/play/Serena Williams vs Angelique Kerber Full Match ｜ Australian Open 2016 Final [autIdKmAQqU]_frame_7286.jpg,0.414,0.407,0.214,0.772,0.136,0.148,0.434,0.24,0.445,0.585
131,test,1,0,1,0,0,1,../video/frames/test/play/Serena Williams vs Angelique Kerber Full Match ｜ Australian Open 2016 Final [autIdKmAQqU]_frame_7287.jpg,0.12,0.449,0.069,0.589,0.326,0.235,0.085,0.063,0.323,0.66
132,test,1,0,1,0,0,1,../video/frames/test/play/Serena Williams vs Angelique Kerber Full Match ｜ Australian Open 2016 Final [autIdKmAQqU]_frame_7288.jpg,0.406,0.062,0.203,0.901,0.091,0.305,0.412,0.137,0.368,0.758
133,test,1,0,1,0,0,1,../video/frames/test/play/Serena Williams vs Angelique Kerber Full Match ｜ Australian Open 2016 Final [autIdKmAQqU]_frame_7345.jpg,0.262,0.436,0.303,0.941,0.138,0.399,0.065,0.205,0.196,0.906
134,test,1,0,1,0,0,1,../video/frames/test/play/Serena Williams vs Angelique Kerber Full Match ｜ Australian Open 2016 Final [autIdKmAQqU]_frame_7346.jpg,0.365,0.393,0.139,0.772,0.199,0.217,0.065,0.277,0.297,0.684
135,test,1,0,1,0,0,1,../video/frames/test/play/Serena Williams vs Angelique Kerber Full Match ｜ Australian Open 2016 Final [autIdKmAQqU]_frame_7347.jpg,0.138,0.107,0.198,0.824,0.344,0.115,0.335,0.233,0.059,0.893
136,test,1,0,1,0,0,1,../video/frames/test/play/Serena Williams vs Angelique Kerber Full Match ｜ Australian Open 2016 Final [autIdKmAQqU]_frame_7348.jpg,0.155,0.373,0.415,0.726,0.39,0.207,0.152,0.341,0.136,0.563
137,test,1,0,1,0,0,1,../video/frames/test/play/Serena Williams vs Angelique Kerber Full Match ｜ Australian Open 2016 Final [autIdKmAQqU]_frame_7349.jpg,0.406,0.136,0.076,0.727,0.373,0.244,0.088,0.343,0.428,0.712
138,test,1,0,1,0,0,1,../video/frames/test/play/Serena Williams vs Angelique Kerber Full Match ｜ Australian Open 2016 Final [autIdKmAQqU]_frame_7350.jpg,0.313,0.402,0.187,0.586,0.426,0.225,0.137,0.092,0.052,0.653
139,test,1,0,1,0,0,1,../video/frames/test/play/Serena Williams vs Angelique Kerber Full Match ｜ Australian Open 2016 Final [autIdKmAQqU]_frame_7351.jpg,0.223,0.252,0.305,0.769,0.365,0.074,0.054,0.143,0.405,0.591
140,test,1,0,1,0,0,1,../video/frames/test/play/Serena Williams vs Angelique Kerber Full Match ｜ Australian Open 2016 Final [autIdKmAQqU]_frame_7352.jpg,0.398,0.307,0.424,0.574,0.125,0.183,0.311,0.421,0.141,0.598
141,test,1,0,1,0,0,1,../video/frames/test/play/Serena Williams vs Angelique Kerber Full Match ｜ Australian Open 2016 Final [autIdKmAQqU]_frame_7353.jpg,0.124,0.103,0.4,0.932,0.105,0.087,0.296,0.396,0.196,0.887
142,test,1,0,1,0,0,1,../video/frames/test/play/Serena Williams vs Angelique Kerber Full Match ｜ Australian Open 2016 Final [autIdKmAQqU]_frame_7354.jpg,0.207,0.269,0.097,0.581,0.324,0.259,0.263,0.284,0.178,0.754
143,test,1,0,1,0,0,1,../video/frames/test/play/Serena Williams vs Angelique Kerber Full Match ｜ Australian Open 2016 Final [autIdKmAQqU]_frame_7355.jpg,0.129,0.062,0.302,0.899,0.233,0.195,0.329,0.288,0.186,0.569
144,test,1,0,1,0,0,1,../video/frames/test/play/Serena Williams vs Angelique Kerber Full Match ｜ Australian Open 2016 Final [autIdKmAQqU]_frame_7356.jpg,0.239,0.097,0.116,0.884,0.164,0.067,0.147,0.057,0.399,0.896
145,test,1,0,1,1,0,1,../video/frames/test/play/Serena Williams vs Angelique Kerber Full Match ｜ Australian Open 2016 Final [autIdKmAQqU]_frame_7357.jpg,0.248,0.253,0.095,0.879,0.343,0.689,0.429,0.319,0.279,0.583
146,test,1,0,1,1,0,1,../video/frames/test/play/Serena Williams vs Angelique Kerber Full Match ｜ Australian Open 2016 Final [autIdKmAQqU]_frame_7358.jpg,0.368,0.071,0.059,0.784,0.089,0.876,0.12,0.074,0.241,0.79
147,test,1,0,1,1,0,1,../video/frames/test/play/Serena Williams vs Angelique Kerber Full Match ｜ Australian Open 2016 Final [autIdKmAQqU]_frame_7359.jpg,0.249,0.309,0.316,0.662,0.396,0.945,0.14,0.237,0.087,0.85
148,test,1,0,1,1,0,1,../video/frames/test/play/Serena Williams vs Angelique Kerber Full Match ｜ Australian Open 2016 Final [autIdKmAQqU]_frame_7360.jpg,0.093,0.448,0.387,0.777,0.324,0.561,0.424,0.384,0.158,0.585
149,test,1,0,1,1,0,1,../video/frames/test/play/Serena Williams vs Angelique Kerber Full Match ｜ Australian Open 2016 Final [autIdKmAQqU]_frame_7361.jpg,0.257,0.093,0.145,0.793,0.38,0.907,0.132,0.281,0.237,0.856
150,test,1,0,1,1,0,1,../video/frames/test/play/Serena Williams vs Angelique Kerber Full Match ｜ Australian Open 2016 Final [autIdKmAQqU]_frame_7362.jpg,0.074,0.129,0.237,0.905,0.277,0.917,0.11,0.423,0.446,0.91
151,test,1,0,1,1,0,1,../video/frames/test/play/Serena Williams vs Angelique Kerber Full Match ｜ Australian Open 2016 Final [autIdKmAQqU]_frame_7363.jpg,0.271,0.087,0.385,0.729,0.259,0.931,0.319,0.06,0.17,0.808
152,test,1,0,1,1,0,1,../video/frames/test/play/Serena Williams vs Angelique Kerber Full Match ｜ Australian Open 2016 Final [autIdKmAQqU]_frame_7364.jpg,0.157,0.238,0.055,0.91,0.074,0.617,0.305,0.327,0.119,0.682
153,test,1,0,1,1,0,1,../video/frames/test/play/Serena Williams vs Angelique Kerber Full Match ｜ Australian Open 2016 Final [autIdKmAQqU]_frame_7365.jpg,0.142,0.305,0.099,0.82,0.206,0.943,0.06,0.193,0.156,0.934
154,test,1,0,1,1,0,0,../video/frames/test/play/Serena Williams vs Angelique Kerber Full Match ｜ Australian Open 2016 Final [autIdKmAQqU]_frame_7366.jpg,0.197,0.389,0.229,0.618,0.309,0.754,0.094,0.187,0.362,0.243
155,test,1,0,1,1,0,0,../video/frames/test/play/Serena Williams vs Angelique Kerber Full Match ｜ Australian Open 2016 Final [autIdKmAQqU]_frame_7367.jpg,0.056,0.275,0.434,0.682,0.356,0.899,0.159,0.317,0.167,0.28
156,test,1,0,1,1,0,0,../video/frames/test/play/Serena Williams vs Angelique Kerber Full Match ｜ Australian Open 2016 Final [autIdKmAQqU]_frame_7368.jpg,0.339,0.125,0.158,0.799,0.384,0.568,0.054,0.17,0.189,0.07
157,test,1,0,1,1,0,1,../video/frames/test/play/Serena Williams vs Angelique Kerber Full Match ｜ Australian Open 2016 Final [autIdKmAQqU]_frame_7369.jpg,0.111,0.33,0.085,0.556,0.087,0.653,0.312,0.298,0.345,0.8
158,test,1,0,1,1,0,1,../video/frames/test/play/Serena Williams vs Angelique Kerber Full Match ｜ Australian Open 2016 Final [autIdKmAQqU]_frame_7419.jpg,0.259,0.37,0.379,0.788,0.374,0.693,0.387,0.088,0.162,0.751
159,test,1,0,1,1,0,1,../video/frames/test/play/Serena Williams vs Angelique Kerber Full Match ｜ Australian Open 2016 Final [autIdKmAQqU]_frame_7420.jpg,0.429,0.382,0.323,0.741,0.145,0.864,0.43,0.36,0.067,0.751
160,test,1,0,1,1,0,1,../video/frames/test/play/Serena Williams vs Angelique Kerber Full Match ｜ Australian Open 2016 Final [autIdKmAQqU]_frame_7421.jpg,0.435,0.204,0.143,0.692,0.121,0.779,0.12,0.207,0.161,0.745
161,test,1,0,1,1,0,1,../video/frames/test/play/Serena Williams vs Angelique Kerber Full Match ｜ Australian Open 2016 Final [autIdKmAQqU]_frame_7422.jpg,0.449,0.425,0.345,0.639,0.139,0.839,0.182,0.134,0.411,0.823
162,test,1,0,1,1,0,1,../video/frames/test/play/Serena Williams vs Angelique Kerber Full Match ｜ Australian Open 2016 Final [autIdKmAQqU]_frame_7423.jpg,0.09,0.201,0.366,0.899,0.134,0.76,0.227,0.327,0.129,0.942
163,test,1,0,1,1,0,1,../video/frames/test/play/Serena Williams vs Angelique Kerber Full Match ｜ Australian Open 2016 Final [autIdKmAQqU]_frame_7424.jpg,0.293,0.279,0.112,0.748,0.253,0.896,0.368,0.26,0.233,0.708
164,test,1,0,1,1,0,1,../video/frames/test/play/Serena Williams vs Angelique Kerber Full Match ｜ Australian Open 2016 Final [autIdKmAQqU]_frame_7425.jpg,0.174,0.111,0.368,0.809,0.168,0.645,0.15,0.192,0.294,0.608
165,test,1,0,1,1,0,1,../video/frames/test/play/Serena Williams vs Angelique Kerber Full Match ｜ Australian Open 2016 Final [autIdKmAQqU]_frame_7426.jpg,0.342,0.28,0.062,0.755,0.426,0.703,0.425,0.084,0.169,0.797
166,test,1,0,1,1,0,1,../video/frames/test/play/Serena Williams vs Angelique Kerber Full Match ｜ Australian Open 2016 Final [autIdKmAQqU]_frame_7427.jpg,0.352,0.444,0.376,0.556,0.403,0.577,0.422,0.316,0.091,0.727
167,test,1,0,1,1,0,1,../video/frames/test/play/Serena Williams vs Angelique Kerber Full Match ｜ Australian Open 2016 Final [autIdKmAQqU]_frame_7428.jpg,0.101,0.242,0.069,0.611,0.352,0.8,0.178,0.102,0.346,0.926
168,test,1,0,1,1,0,1,../video/frames/test/play/Serena Williams vs Angelique Kerber Full Match ｜ Australian Open 2016 Final [autIdKmAQqU]_frame_7429.jpg,0.372,0.435,0.412,0.891,0.404,0.859,0.445,0.062,0.197,0.699
169,test,1,0,1,1,0,1,../video/frames/test/play/Serena Williams vs Angelique Kerber Full Match ｜ Australian Open 2016 Final [autIdKmAQqU]_frame_7430.jpg,0.069,0.363,0.279,0.588,0.192,0.906,0.23,0.136,0.335,0.738
170,test,1,0,1,1,0,1,../video/frames/test/play/Serena Williams vs Angelique Kerber Full Match ｜ Australian Open 2016 Final [autIdKmAQqU]_frame_7431.jpg,0.337,0.197,0.121,0.778,0.416,0.754,0.431,0.405,0.25,0.798
171,test,1,0,1,1,0,1,../video/frames/test/play/Serena Williams vs Angelique Kerber Full Match ｜ Australian Open 2016 Final [autIdKmAQqU]_frame_7613.jpg,0.16,0.145,0.363,0.767,0.334,0.555,0.16,0.405,0.285,0.917
172,test,1,0,1,0,0,1,../video/frames/test/play/Serena Williams vs Angelique Kerber Full Match ｜ Australian Open 2016 Final [autIdKmAQqU]_frame_7614.jpg,0.371,0.312,0.209,0.637,0.389,0.444,0.438,0.383,0.428,0.806
173,test,1,0,1,1,0,1,../video/frames/test/play/Serena Williams vs Angelique Kerber Full Match ｜ Australian Open 2016 Final [autIdKmAQqU]_frame_7655.jpg,0.05,0.237,0.328,0.619,0.156,0.58,0.327,0.414,0.245,0.759
174,test,1,0,1,1,0,1,../video/frames/test/play/Serena Williams vs Angelique Kerber Full Match ｜ Australian Open 2016 Final [autIdKmAQqU]_frame_7661.jpg,0.082,0.058,0.382,0.806,0.313,0.579,0.339,0.286,0.3,0.783
175,test,1,0,1,1,0,0,../video/frames/test/play/Serena Williams vs Angelique Kerber Full Match ｜ Australian Open 2016 Final [autIdKmAQqU]_frame_7932.jpg,0.155,0.422,0.237,0.879,0.185,0.608,0.211,0.227,0.153,0.287
176,test,1,1,1,0,1,0,../video/frames/test/play/Simona Halep vs Serena Williams ｜ Wimbledon 2019 Final (Full Match) [fduc5bZx3ss]_frame_0308.jpg,0.321,0.654,0.432,0.765,0.199,0.054,0.343,0.555,0.124,0.1
177,test,1,1,1,1,1,0,../video/frames/test/play/Simona Halep vs Serena Williams ｜ Wimbledon 2019 Final (Full Match) [fduc5bZx3ss]_frame_0751.jpg,0.245,0.832,0.139,0.715,0.408,0.609,0.076,0.639,0.288,0.208
178,test,1,1,1,1,1,0,../video/frames/test/play/Simona Halep vs Serena Williams ｜ Wimbledon 2019 Final (Full Match) [fduc5bZx3ss]_frame_0862.jpg,0.272,0.901,0.337,0.924,0.135,0.702,0.337,0.76,0.19,0.395
179,test,1,1,1,1,0,0,../video/frames/test/play/Steffi Graf vs Venus Williams ｜ 1999 Wimbledon Quarter-final Replayed [maGQ4ON4Qv8]_frame_0005.jpg,0.374,0.771,0.079,0.611,0.193,0.725,0.393,0.323,0.286,0.06
180,test,1,0,1,0,0,1,../video/frames/test/play/Steffi Graf vs Venus Williams ｜ 1999 Wimbledon Quarter-final Replayed [maGQ4ON4Qv8]_frame_2790.jpg,0.437,0.217,0.325,0.643,0.328,0.057,0.28,0.144,0.13,0.594
181,test,0,0,0,0,0,0,../video/frames/test/waiting/A FINAL FOR THE AGES ｜ Carlos Alcaraz vs Novak Djokovic Full Match ｜ Wimbledon 2023 [5uFAkizQNJI]_frame_10449.jpg,0.877,0.144,0.747,0.428,0.575,0.155,0.819,0.178,0.675,0.386
182,test,0,0,0,0,0,0,../video/frames/test/waiting/A FINAL FOR THE AGES ｜ Carlos Alcaraz vs Novak Djokovic Full Match ｜ Wimbledon 2023 [5uFAkizQNJI]_frame_5806.jpg,0.739,0.136,0.749,0.411,0.774,0.429,0.922,0.279,0.687,0.217
183,test,0,0,0,0,0,0,../video/frames/test/waiting/A FINAL FOR THE AGES ｜ Carlos Alcaraz vs Novak Djokovic Full Match ｜ Wimbledon 2023 [5uFAkizQNJI]_frame_5807.jpg,0.801,0.257,0.897,0.059,0.605,0.103,0.558,0.445,0.764,0.072
184,test,0,0,0,0,0,0,../video/frames/test/waiting/A FINAL FOR THE AGES ｜ Carlos Alcaraz vs Novak Djokovic Full Match ｜ Wimbledon 2023 [5uFAkizQNJI]_frame_5808.jpg,0.731,0.333,0.898,0.342,0.672,0.214,0.605,0.114,0.562,0.06
185,test,0,0,0,0,0,0,../video/frames/test/waiting/A FINAL FOR THE AGES ｜ Carlos Alcaraz vs Novak Djokovic Full Match ｜ Wimbledon 2023 [5uFAkizQNJI]_frame_5809.jpg,0.854,0.39,0.891,0.198,0.592,0.32,0.611,0.233,0.565,0.091
186,test,0,0,0,1,0,0,../video/frames/test/waiting/A FINAL FOR THE AGES ｜ Carlos Alcaraz vs Novak Djokovic Full Match ｜ Wimbledon 2023 [5uFAkizQNJI]_frame_6017.jpg,0.739,0.114,0.867,0.131,0.752,0.599,0.832,0.211,0.55,0.347
187,test,0,0,0,0,0,0,../video/frames/test/waiting/Bjorn Borg vs John McEnroe ｜ Wimbledon 1980 Final ｜ Full Match [hBu0w1-y7mQ]_frame_13642.jpg,0.673,0.279,0.749,0.442,0.831,0.278,0.813,0.417,0.923,0.22
188,test,0,0,0,0,0,1,../video/frames/test/waiting/Bjorn Borg vs John McEnroe ｜ Wimbledon 1980 Final ｜ Full Match [hBu0w1-y7mQ]_frame_14279.jpg,0.556,0.071,0.813,0.299,0.909,0.141,0.913,0.385,0.626,0.865
189,test,0,0,0,0,0,0,../video/frames/test/waiting/Bjorn Borg vs John McEnroe ｜ Wimbledon 1980 Final ｜ Full Match [hBu0w1-y7mQ]_frame_7195.jpg,0.873,0.43,0.727,0.328,0.687,0.356,0.649,0.352,0.94,0.349
190,test,0,0,0,0,0,1,../video/frames/test/waiting/Carlos Alcaraz vs. Casper Ruud Full Match ｜ 2022 US Open Final [HCIhFyeQxu0]_frame_10767.jpg,0.921,0.243,0.925,0.325,0.918,0.074,0.639,0.084,0.65,0.837
191,test,0,0,0,0,0,0,../video/frames/test/waiting/Carlos Alcaraz vs. Casper Ruud Full Match ｜ 2022 US Open Final [HCIhFyeQxu0]_frame_6337.jpg,0.77,0.424,0.919,0.21,0.72,0.437,0.79,0.35,0.621,0.402
192,test,0,0,0,0,0,0,../video/frames/test/waiting/Carlos Alcaraz vs. Casper Ruud Full Match ｜ 2022 US Open Final [HCIhFyeQxu0]_frame_8370.jpg,0.713,0.158,0.62,0.205,0.7,0.434,0.882,0.119,0.772,0.198
193,test,0,0,0,0,0,0,../video/frames/test/waiting/Emma Raducanu vs Leylah Fernandez Full Match ｜ 2021 US Open Final [F99Kz2eptqM]_frame_0185.jpg,0.628,0.349,0.616,0.38,0.937,0.397,0.678,0.234,0.803,0.146
194,test,0,1,0,0,0,1,../video/frames/test/waiting/Emma Raducanu vs Leylah Fernandez Full Match ｜ 2021 US Open Final [F99Kz2eptqM]_frame_0186.jpg,0.861,0.569,0.777,0.29,0.694,0.123,0.554,0.235,0.55,0.572
195,test,0,1,0,0,0,0,../video/frames/test/waiting/Emma Raducanu vs Leylah Fernandez Full Match ｜ 2021 US Open Final [F99Kz2eptqM]_frame_0187.jpg,0.84,0.942,0.628,0.081,0.802,0.26,0.581,0.071,0.694,0.16
196,test,0,1,0,0,0,1,../video/frames/test/waiting/Emma Raducanu vs Leylah Fernandez Full Match ｜ 2021 US Open Final [F99Kz2eptqM]_frame_0188.jpg,0.886,0.858,0.624,0.1,0.612,0.417,0.761,0.313,0.84,0.572
197,test,0,0,0,0,0,1,../video/frames/test/waiting/Emma Raducanu vs Leylah Fernandez Full Match ｜ 2021 US Open Final [F99Kz2eptqM]_frame_0189.jpg,0.593,0.237,0.809,0.378,0.744,0.07,0.629,0.179,0.908,0.684
198,test,0,0,0,0,0,0,../video/frames/test/waiting/Emma Raducanu vs Leylah Fernandez Full Match ｜ 2021 US Open Final [F99Kz2eptqM]_frame_0190.jpg,0.675,0.397,0.917,0.449,0.688,0.213,0.949,0.412,0.752,0.38
199,test,0,0,0,0,0,0,../video/frames/test/waiting/Emma Raducanu vs Leylah Fernandez Full Match ｜ 2021 US Open Final [F99Kz2eptqM]_frame_0191.jpg,0.689,0.117,0.695,0.202,0.856,0.161,0.558,0.189,0.631,0.27
200,test,0,0,0,0,0,0,../video/frames/test/waiting/Emma Raducanu vs Leylah Fernandez Full Match ｜ 2021 US Open Final [F99Kz2eptqM]_frame_0192.jpg,0.87,0.278,0.875,0.091,0.814,0.232,0.72,0.137,0.873,0.064
201,test,0,0,0,1,1,0,../video/frames/test/waiting/Emma Raducanu vs Leylah Fernandez Full Match ｜ 2021 US Open Final [F99Kz2eptqM]_frame_0193.jpg,0.601,0.229,0.742,0.124,0.774,0.717,0.646,0.768,0.838,0.308
202,test,0,1,0,1,1,0,../video/frames/test/waiting/Emma Raducanu vs Leylah Fernandez Full Match ｜ 2021 US Open Final [F99Kz2eptqM]_frame_0194.jpg,0.846,0.755,0.675,0.348,0.741,0.925,0.68,0.628,0.562,0.366
203,test,0,1,0,1,1,0,../video/frames/test/waiting/Emma Raducanu vs Leylah Fernandez Full Match ｜ 2021 US Open Final [F99Kz2eptqM]_frame_0195.jpg,0.644,0.726,0.663,0.193,0.795,0.57,0.881,0.815,0.858,0.148
204,test,0,1,0,1,1,0,../video/frames/test/waiting/Emma Raducanu vs Leylah Fernandez Full Match ｜ 2021 US Open Final [F99Kz2eptqM]_frame_0196.jpg,0.888,0.905,0.913,0.168,0.671,0.689,0.681,0.622,0.678,0.348
205,test,0,1,0,0,1,0,../video/frames/test/waiting/Emma Raducanu vs Leylah Fernandez Full Match ｜ 2021 US Open Final [F99Kz2eptqM]_frame_0197.jpg,0.776,0.678,0.91,0.099,0.849,0.302,0.815,0.586,0.685,0.278
206,test,0,1,0,0,1,0,../video/frames/test/waiting/Emma Raducanu vs Leylah Fernandez Full Match ｜ 2021 US Open Final [F99Kz2eptqM]_frame_0198.jpg,0.728,0.889,0.785,0.299,0.565,0.1,0.854,0.564,0.601,0.128
207,test,0,0,0,0,1,0,../video/frames/test/waiting/Emma Raducanu vs Leylah Fernandez Full Match ｜ 2021 US Open Final [F99Kz2eptqM]_frame_0199.jpg,0.944,0.075,0.72,0.143,0.799,0.214,0.664,0.785,0.746,0.321
208,test,0,0,0,0,1,0,../video/frames/test/waiting/Emma Raducanu vs Leylah Fernandez Full Match ｜ 2021 US Open Final [F99Kz2eptqM]_frame_0200.jpg,0.849,0.223,0.553,0.32,0.861,0.278,0.701,0.599,0.937,0.386
209,test,0,1,0,0,1,0,../video/frames/test/waiting/Emma Raducanu vs Leylah Fernandez Full Match ｜ 2021 US Open Final [F99Kz2eptqM]_frame_0201.jpg,0.734,0.886,0.848,0.419,0.828,0.243,0.571,0.894,0.822,0.095
210,test,0,1,0,1,1,0,../video/frames/test/waiting/Emma Raducanu vs Leylah Fernandez Full Match ｜ 2021 US Open Final [F99Kz2eptqM]_frame_0202.jpg,0.73,0.62,0.872,0.413,0.648,0.863,0.872,0.886,0.556,0.092
211,test,0,1,0,1,1,0,../video/frames/test/waiting/Emma Raducanu vs Leylah Fernandez Full Match ｜ 2021 US Open Final [F99Kz2eptqM]_frame_0203.jpg,0.722,0.663,0.64,0.301,0.627,0.551,0.759,0.882,0.829,0.109
212,test,0,0,0,1,1,0,../video/frames/test/waiting/Emma Raducanu vs Leylah Fernandez Full Match ｜ 2021 US Open Final [F99Kz2eptqM]_frame_0204.jpg,0.88,0.337,0.902,0.084,0.798,0.863,0.871,0.644,0.783,0.138
213,test,0,1,0,1,1,0,../video/frames/test/waiting/Emma Raducanu vs Leylah Fernandez Full Match ｜ 2021 US Open Final [F99Kz2eptqM]_frame_0205.jpg,0.627,0.856,0.865,0.192,0.876,0.915,0.55,0.853,0.85,0.275
214,test,0,0,0,1,1,0,../video/frames/test/waiting/Emma Raducanu vs Leylah Fernandez Full Match ｜ 2021 US Open Final [F99Kz2eptqM]_frame_0206.jpg,0.633,0.264,0.9,0.126,0.576,0.557,0.57,0.778,0.594,0.363
215,test,0,0,0,0,1,0,../video/frames/test/waiting/Emma Raducanu vs Leylah Fernandez Full Match ｜ 2021 US Open Final [F99Kz2eptqM]_frame_0207.jpg,0.8,0.327,0.692,0.117,0.637,0.174,0.828,0.559,0.747,0.359
216,test,0,0,0,0,0,0,../video/frames/test/waiting/Emma Raducanu vs Leylah Fernandez Full Match ｜ 2021 US Open Final [F99Kz2eptqM]_frame_0208.jpg,0.714,0.275,0.802,0.115,0.751,0.415,0.687,0.363,0.594,0.214
217,test,0,0,0,0,0,0,../video/frames/test/waiting/Emma Raducanu vs Leylah Fernandez Full Match ｜ 2021 US Open Final [F99Kz2eptqM]_frame_0209.jpg,0.871,0.344,0.693,0.321,0.737,0.057,0.766,0.342,0.635,0.367
218,test,0,0,0,0,0,0,../video/frames/test/waiting/Emma Raducanu vs Leylah Fernandez Full Match ｜ 2021 US Open Final [F99Kz2eptqM]_frame_0210.jpg,0.579,0.266,0.876,0.215,0.643,0.089,0.769,0.401,0.704,0.227
219,test,0,0,0,0,0,0,../video/frames/test/waiting/Emma Raducanu vs Leylah Fernandez Full Match ｜ 2021 US Open Final [F99Kz2eptqM]_frame_0211.jpg,0.758,0.368,0.602,0.06,0.628,0.184,0.871,0.367,0.675,0.348
220,test,0,0,0,0,0,0,../video/frames/test/waiting/Emma Raducanu vs Leylah Fernandez Full Match ｜ 2021 US Open Final [F99Kz2eptqM]_frame_0212.jpg,0.772,0.182,0.732,0.428,0.685,0.363,0.825,0.099,0.573,0.076
221,test,0,0,0,0,0,0,../video/frames/test/waiting/Emma Raducanu vs Leylah Fernandez Full Match ｜ 2021 US Open Final [F99Kz2eptqM]_frame_0213.jpg,0.633,0.11,0.651,0.445,0.876,0.081,0.559,0.433,0.868,0.164
222,test,0,0,0,0,0,1,../video/frames/test/waiting/Emma Raducanu vs Leylah Fernandez Full Match ｜ 2021 US Open Final [F99Kz2eptqM]_frame_0214.jpg,0.707,0.365,0.77,0.223,0.791,0.415,0.648,0.066,0.642,0.703
223,test,0,0,0,0,0,0,../video/frames/test/waiting/Emma Raducanu vs Leylah Fernandez Full Match ｜ 2021 US Open Final [F99Kz2eptqM]_frame_0215.jpg,0.652,0.18,0.684,0.189,0.641,0.291,0.81,0.285,0.554,0.221
224,test,0,0,0,0,0,0,../video/frames/test/waiting/Emma Raducanu vs Leylah Fernandez Full Match ｜ 2021 US Open Final [F99Kz2eptqM]_frame_0216.jpg,0.673,0.148,0.619,0.236,0.919,0.209,0.761,0.116,0.916,0.131
225,test,0,0,0,0,0,0,../video/frames/test/waiting/Emma Raducanu vs Leylah Fernandez Full Match ｜ 2021 US Open Final [F99Kz2eptqM]_frame_0217.jpg,0.628,0.141,0.679,0.158,0.626,0.063,0.773,0.404,0.692,0.39
226,test,0,0,0,0,0,0,../video/frames/test/waiting/Emma Raducanu vs Leylah Fernandez Full Match ｜ 2021 US Open Final [F99Kz2eptqM]_frame_0218.jpg,0.917,0.393,0.692,0.3,0.792,0.327,0.753,0.262,0.727,0.065
227,test,0,0,0,0,0,0,../video/frames/test/waiting/Emma Raducanu vs Leylah Fernandez Full Match ｜ 2021 US Open Final [F99Kz2eptqM]_frame_0219.jpg,0.789,0.085,0.804,0.06,0.852,0.398,0.578,0.248,0.555,0.154
228,test,0,0,0,0,1,0,../video/frames/test/waiting/Emma Raducanu vs Leylah Fernandez Full Match ｜ 2021 US Open Final [F99Kz2eptqM]_frame_0220.jpg,0.878,0.079,0.784,0.186,0.74,0.247,0.838,0.633,0.648,0.36
229,test,0,0,0,1,1,0,../video/frames/test/waiting/Emma Raducanu vs Leylah Fernandez Full Match ｜ 2021 US Open Final [F99Kz2eptqM]_frame_0221.jpg,0.665,0.439,0.696,0.204,0.842,0.559,0.625,0.59,0.688,0.093
230,test,0,0,0,1,0,0,../video/frames/test/waiting/Emma Raducanu vs Leylah Fernandez Full Match ｜ 2021 US Open Final [F99Kz2eptqM]_frame_0222.jpg,0.719,0.204,0.806,0.261,0.86,0.909,0.892,0.135,0.735,0.316
231,test,0,0,0,1,0,0,../video/frames/test/waiting/Emma Raducanu vs Leylah Fernandez Full Match ｜ 2021 US Open Final [F99Kz2eptqM]_frame_0223.jpg,0.566,0.331,0.872,0.212,0.781,0.794,0.674,0.062,0.876,0.093
232,test,0,0,0,1,1,0,../video/frames/test/waiting/Emma Raducanu vs Leylah Fernandez Full Match ｜ 2021 US Open Final [F99Kz2eptqM]_frame_0224.jpg,0.912,0.163,0.849,0.274,0.794,0.74,0.786,0.594,0.899,0.18
233,test,0,0,0,1,1,0,../video/frames/test/waiting/Emma Raducanu vs Leylah Fernandez Full Match ｜ 2021 US Open Final [F99Kz2eptqM]_frame_3829.jpg,0.691,0.337,0.602,0.382,0.577,0.874,0.573,0.751,0.566,0.066
234,test,0,0,0,1,1,0,../video/frames/test/waiting/Emma Raducanu vs Leylah Fernandez Full Match ｜ 2021 US Open Final [F99Kz2eptqM]_frame_4855.jpg,0.698,0.344,0.68,0.345,0.747,0.571,0.63,0.84,0.936,0.42
235,test,0,0,0,1,1,0,../video/frames/test/waiting/Emma Raducanu vs Leylah Fernandez Full Match ｜ 2021 US Open Final [F99Kz2eptqM]_frame_4895.jpg,0.6,0.337,0.695,0.267,0.908,0.868,0.606,0.768,0.913,0.089
236,test,0,0,0,0,0,0,../video/frames/test/waiting/Juan Martin del Potro vs Rafael Nadal ｜ Wimbledon 2018 ｜ Full Match [S5LVbZUgM48]_frame_0188.jpg,0.666,0.153,0.571,0.289,0.779,0.449,0.771,0.075,0.564,0.185
237,test,0,0,0,0,0,1,../video/frames/test/waiting/Juan Martin del Potro vs Rafael Nadal ｜ Wimbledon 2018 ｜ Full Match [S5LVbZUgM48]_frame_0358.jpg,0.779,0.065,0.792,0.07,0.634,0.433,0.807,0.177,0.553,0.922
238,test,0,0,0,0,0,0,../video/frames/test/waiting/Novak Djokovic vs Daniil Medvedev Full Match ｜ Australian Open 2021 Final [MG-RjlqyaJI]_frame_0003.jpg,0.945,0.135,0.795,0.271,0.68,0.318,0.742,0.348,0.761,0.273
239,test,0,0,0,0,0,0,../video/frames/test/waiting/Novak Djokovic vs Daniil Medvedev Full Match ｜ Australian Open 2021 Final [MG-RjlqyaJI]_frame_5741.jpg,0.578,0.268,0.577,0.441,0.808,0.135,0.696,0.446,0.887,0.288
240,test,0,0,0,0,0,0,../video/frames/test/waiting/Novak Djokovic vs Daniil Medvedev Full Match ｜ Australian Open 2021 Final [MG-RjlqyaJI]_frame_5934.jpg,0.832,0.181,0.884,0.271,0.727,0.131,0.601,0.095,0.778,0.198
241,test,0,0,0,0,0,0,../video/frames/test/waiting/Novak Djokovic vs Rafael Nadal in the longest final in Grand Slam history! ｜ Australian Open 2012 [s43wZcHOikc]_frame_0004.jpg,0.551,0.347,0.56,0.402,0.88,0.222,0.825,0.196,0.865,0.263
242,test,0,0,0,0,0,0,../video/frames/test/waiting/Novak Djokovic vs Rafael Nadal in the longest final in Grand Slam history! ｜ Australian Open 2012 [s43wZcHOikc]_frame_0126.jpg,0.739,0.291,0.705,0.053,0.695,0.08,0.669,0.34,0.723,0.388
243,test,0,0,0,0,0,0,../video/frames/test/waiting/Novak Djokovic vs Rafael Nadal in the longest final in Grand Slam history! ｜ Australian Open 2012 [s43wZcHOikc]_frame_0130.jpg,0.569,0.186,0.944,0.28,0.811,0.209,0.693,0.245,0.761,0.104
244,test,0,0,0,0,0,0,../video/frames/test/waiting/Novak Djokovic vs Rafael Nadal in the longest final in Grand Slam history! ｜ Australian Open 2012 [s43wZcHOikc]_frame_0181.jpg,0.82,0.108,0.731,0.419,0.929,0.19,0.55,0.263,0.824,0.239
245,test,0,0,0,0,0,0,../video/frames/test/waiting/Novak Djokovic vs Rafael Nadal in the longest final in Grand Slam history! ｜ Australian Open 2012 [s43wZcHOikc]_frame_0191.jpg,0.87,0.095,0.934,0.333,0.878,0.22,0.906,0.172,0.912,0.136
246,test,0,0,0,0,0,0,../video/frames/test/waiting/Novak Djokovic vs Rafael Nadal in the longest final in Grand Slam history! ｜ Australian Open 2012 [s43wZcHOikc]_frame_0213.jpg,0.588,0.246,0.797,0.109,0.604,0.132,0.656,0.344,0.806,0.07
247,test,0,0,0,0,0,0,../video/frames/test/waiting/Novak Djokovic vs Rafael Nadal in the longest final in Grand Slam history! ｜ Australian Open 2012 [s43wZcHOikc]_frame_10822.jpg,0.756,0.08,0.873,0.277,0.722,0.124,0.666,0.315,0.587,0.395
248,test,0,0,0,0,0,0,../video/frames/test/waiting/Novak Djokovic vs Rafael Nadal in the longest final in Grand Slam history! ｜ Australian Open 2012 [s43wZcHOikc]_frame_10823.jpg,0.744,0.411,0.787,0.364,0.717,0.417,0.825,0.195,0.818,0.144
249,test,0,0,0,0,0,0,../video/frames/test/waiting/Novak Djokovic vs Rafael Nadal in the longest final in Grand Slam history! ｜ Australian Open 2012 [s43wZcHOikc]_frame_10824.jpg,0.779,0.345,0.699,0.054,0.722,0.39,0.645,0.398,0.588,0.162
250,test,0,0,0,0,0,0,../video/frames/test/waiting/Novak Djokovic vs Rafael Nadal in the longest final in Grand Slam history! ｜ Australian Open 2012 [s43wZcHOikc]_frame_10825.jpg,0.761,0.146,0.707,0.226,0.744,0.408,0.69,0.35,0.699,0.123
251,test,0,0,0,0,0,0,../video/frames/test/waiting/Novak Djokovic vs Rafael Nadal in the longest final in Grand Slam history! ｜ Australian Open 2012 [s43wZcHOikc]_frame_10826.jpg,0.829,0.336,0.706,0.279,0.566,0.351,0.818,0.077,0.711,0.118
252,test,0,0,0,1,0,0,../video/frames/test/waiting/Novak Djokovic vs Rafael Nadal in the longest final in Grand Slam history! ｜ Australian Open 2012 [s43wZcHOikc]_frame_10827.jpg,0.841,0.162,0.758,0.145,0.553,0.556,0.559,0.262,0.823,0.089
253,test,0,0,0,1,0,0,../video/frames/test/waiting/Novak Djokovic vs Rafael Nadal in the longest final in Grand Slam history! ｜ Australian Open 2012 [s43wZcHOikc]_frame_10828.jpg,0.847,0.404,0.599,0.41,0.789,0.888,0.766,0.176,0.945,0.416
254,test,0,0,0,1,0,0,../video/frames/test/waiting/Novak Djokovic vs Rafael Nadal in the longest final in Grand Slam history! ｜ Australian Open 2012 [s43wZcHOikc]_frame_10829.jpg,0.665,0.149,0.593,0.412,0.59,0.646,0.556,0.389,0.588,0.284
255,test,0,0,0,1,0,0,../video/frames/test/waiting/Novak Djokovic vs Rafael Nadal in the longest final in Grand Slam history! ｜ Australian Open 2012 [s43wZcHOikc]_frame_10830.jpg,0.842,0.198,0.871,0.432,0.698,0.628,0.828,0.211,0.895,0.267
256,test,0,0,0,1,0,0,../video/frames/test/waiting/Novak Djokovic vs Rafael Nadal in the longest final in Grand Slam history! ｜ Australian Open 2012 [s43wZcHOikc]_frame_10831.jpg,0.818,0.282,0.584,0.411,0.567,0.908,0.862,0.445,0.622,0.094
257,test,0,0,0,1,0,0,../video/frames/test/waiting/Novak Djokovic vs Rafael Nadal in the longest final in Grand Slam history! ｜ Australian Open 2012 [s43wZcHOikc]_frame_10832.jpg,0.656,0.128,0.674,0.426,0.819,0.931,0.912,0.413,0.838,0.055
258,test,0,0,0,1,0,0,../video/frames/test/waiting/Novak Djokovic vs Rafael Nadal in the longest final in Grand Slam history! ｜ Australian Open 2012 [s43wZcHOikc]_frame_10833.jpg,0.758,0.319,0.792,0.052,0.877,0.723,0.793,0.259,0.667,0.388
259,test,0,0,0,1,0,1,../video/frames/test/waiting/Novak Djokovic vs Rafael Nadal in the longest final in Grand Slam history! ｜ Australian Open 2012 [s43wZcHOikc]_frame_10834.jpg,0.596,0.121,0.588,0.395,0.704,0.733,0.599,0.301,0.571,0.728
260,test,0,0,0,1,0,1,../video/frames/test/waiting/Novak Djokovic vs Rafael Nadal in the longest final in Grand Slam history! ｜ Australian Open 2012 [s43wZcHOikc]_frame_10835.jpg,0.874,0.107,0.654,0.286,0.906,0.639,0.796,0.265,0.814,0.743
261,test,0,0,0,0,0,1,../video/frames/test/waiting/Novak Djokovic vs Rafael Nadal in the longest final in Grand Slam history! ｜ Australian Open 2012 [s43wZcHOikc]_frame_10836.jpg,0.782,0.154,0.685,0.221,0.693,0.149,0.773,0.238,0.877,0.687
262,test,0,0,0,0,0,0,../video/frames/test/waiting/Novak Djokovic vs Rafael Nadal in the longest final in Grand Slam history! ｜ Australian Open 2012 [s43wZcHOikc]_frame_11150.jpg,0.886,0.377,0.737,0.246,0.613,0.299,0.848,0.299,0.769,0.319
263,test,0,0,0,0,0,0,../video/frames/test/waiting/Novak Djokovic vs Rafael Nadal in the longest final in Grand Slam history! ｜ Australian Open 2012 [s43wZcHOikc]_frame_11151.jpg,0.752,0.285,0.634,0.196,0.834,0.325,0.607,0.3,0.923,0.36
264,test,0,0,0,0,0,0,../video/frames/test/waiting/Novak Djokovic vs Rafael Nadal in the longest final in Grand Slam history! ｜ Australian Open 2012 [s43wZcHOikc]_frame_11152.jpg,0.568,0.334,0.563,0.191,0.692,0.079,0.813,0.206,0.838,0.191
265,test,0,0,0,0,0,0,../video/frames/test/waiting/Novak Djokovic vs Rafael Nadal in the longest final in Grand Slam history! ｜ Australian Open 2012 [s43wZcHOikc]_frame_11153.jpg,0.839,0.405,0.868,0.079,0.661,0.325,0.785,0.123,0.661,0.399
266,test,0,0,0,0,0,0,../video/frames/test/waiting/Novak Djokovic vs Rafael Nadal in the longest final in Grand Slam history! ｜ Australian Open 2012 [s43wZcHOikc]_frame_11154.jpg,0.757,0.224,0.782,0.354,0.573,0.423,0.607,0.376,0.634,0.182
267,test,0,0,0,0,0,0,../video/frames/test/waiting/Novak Djokovic vs Rafael Nadal in the longest final in Grand Slam history! ｜ Australian Open 2012 [s43wZcHOikc]_frame_18666.jpg,0.785,0.389,0.729,0.243,0.86,0.326,0.633,0.192,0.92,0.067
268,test,0,0,0,0,0,0,../video/frames/test/waiting/Novak Djokovic vs Rafael Nadal in the longest final in Grand Slam history! ｜ Australian Open 2012 [s43wZcHOikc]_frame_18773.jpg,0.888,0.359,0.873,0.216,0.677,0.138,0.688,0.435,0.562,0.085
269,test,0,0,0,0,0,0,../video/frames/test/waiting/Novak Djokovic vs Rafael Nadal in the longest final in Grand Slam history! ｜ Australian Open 2012 [s43wZcHOikc]_frame_19516.jpg,0.729,0.156,0.75,0.231,0.732,0.428,0.795,0.164,0.752,0.252
270,test,0,0,0,0,0,0,../video/frames/test/waiting/Novak Djokovic vs Rafael Nadal in the longest final in Grand Slam history! ｜ Australian Open 2012 [s43wZcHOikc]_frame_22034.jpg,0.754,0.27,0.717,0.305,0.732,0.222,0.719,0.07,0.771,0.181
271,test,0,0,0,0,0,0,../video/frames/test/waiting/Novak Djokovic vs Rafael Nadal in the longest final in Grand Slam history! ｜ Australian Open 2012 [s43wZcHOikc]_frame_22104.jpg,0.893,0.125,0.74,0.386,0.617,0.295,0.791,0.243,0.819,0.373
272,test,0,0,0,0,0,0,../video/frames/test/waiting/Novak Djokovic vs Roger Federer Full Match ｜ Australian Open 2016 Semi Final [uEDXMRYe0zo]_frame_3669.jpg,0.791,0.444,0.793,0.28,0.804,0.092,0.623,0.118,0.818,0.155
273,test,0,1,0,0,0,0,../video/frames/test/waiting/Novak Djokovic vs Roger Federer Full Match ｜ Australian Open 2016 Semi Final [uEDXMRYe0zo]_frame_5577.jpg,0.685,0.905,0.55,0.29,0.939,0.45,0.612,0.296,0.879,0.148
274,test,0,1,0,0,0,0,../video/frames/test/waiting/Novak Djokovic vs Roger Federer Full Match ｜ Australian Open 2016 Semi Final [uEDXMRYe0zo]_frame_5578.jpg,0.722,0.628,0.596,0.386,0.931,0.329,0.56,0.099,0.876,0.278
275,test,0,1,0,0,0,0,../video/frames/test/waiting/Novak Djokovic vs Roger Federer Full Match ｜ Australian Open 2016 Semi Final [uEDXMRYe0zo]_frame_5579.jpg,0.829,0.75,0.679,0.382,0.79,0.203,0.649,0.116,0.814,0.169
276,test,0,0,0,0,0,0,../video/frames/test/waiting/Novak Djokovic vs Roger Federer Full Match ｜ Australian Open 2016 Semi Final [uEDXMRYe0zo]_frame_5580.jpg,0.935,0.434,0.593,0.28,0.767,0.06,0.78,0.346,0.603,0.188
277,test,0,0,0,0,0,0,../video/frames/test/waiting/Novak Djokovic vs Roger Federer Full Match ｜ Australian Open 2016 Semi Final [uEDXMRYe0zo]_frame_5581.jpg,0.659,0.447,0.71,0.398,0.679,0.091,0.901,0.228,0.658,0.238
278,test,0,0,0,0,0,0,../video/frames/test/waiting/Novak Djokovic vs Roger Federer Full Match ｜ Australian Open 2016 Semi Final [uEDXMRYe0zo]_frame_5582.jpg,0.755,0.145,0.812,0.275,0.746,0.345,0.6,0.443,0.577,0.136
279,test,0,0,0,0,0,0,../video/frames/test/waiting/Novak Djokovic vs Roger Federer Full Match ｜ Australian Open 2016 Semi Final [uEDXMRYe0zo]_frame_5583.jpg,0.736,0.116,0.788,0.218,0.716,0.14,0.821,0.179,0.879,0.068
280,test,0,0,0,0,0,0,../video/frames/test/waiting/Novak Djokovic vs Roger Federer Full Match ｜ Australian Open 2016 Semi Final [uEDXMRYe0zo]_frame_5584.jpg,0.852,0.381,0.869,0.096,0.698,0.24,0.706,0.085,0.87,0.218
281,test,0,0,0,0,1,0,../video/frames/test/waiting/Novak Djokovic vs Roger Federer Full Match ｜ Australian Open 2016 Semi Final [uEDXMRYe0zo]_frame_5585.jpg,0.892,0.345,0.637,0.358,0.587,0.209,0.822,0.842,0.724,0.053
282,test,0,0,0,0,1,0,../video/frames/test/waiting/Novak Djokovic vs Roger Federer Full Match ｜ Australian Open 2016 Semi Final [uEDXMRYe0zo]_frame_5586.jpg,0.909,0.406,0.751,0.44,0.885,0.315,0.791,0.943,0.734,0.232
283,test,0,0,0,0,0,0,../video/frames/test/waiting/Novak Djokovic vs Roger Federer Full Match ｜ Australian Open 2016 Semi Final [uEDXMRYe0zo]_frame_5587.jpg,0.583,0.199,0.858,0.345,0.788,0.287,0.692,0.29,0.901,0.165
284,test,0,0,0,0,0,0,../video/frames/test/waiting/Novak Djokovic vs Roger Federer Full Match ｜ Australian Open 2016 Semi Final [uEDXMRYe0zo]_frame_5588.jpg,0.582,0.312,0.762,0.085,0.723,0.109,0.843,0.233,0.867,0.339
285,test,0,0,0,0,0,0,../video/frames/test/waiting/Novak Djokovic vs Roger Federer Full Match ｜ Australian Open 2016 Semi Final [uEDXMRYe0zo]_frame_5589.jpg,0.867,0.404,0.689,0.354,0.57,0.444,0.55,0.366,0.747,0.391
286,test,0,0,0,0,1,0,../video/frames/test/waiting/Novak Djokovic vs Roger Federer Full Match ｜ Australian Open 2016 Semi Final [uEDXMRYe0zo]_frame_5590.jpg,0.594,0.074,0.915,0.367,0.914,0.418,0.626,0.777,0.933,0.407
287,test,0,0,0,0,1,0,../video/frames/test/waiting/Novak Djokovic vs Roger Federer Full Match ｜ Australian Open 2016 Semi Final [uEDXMRYe0zo]_frame_5591.jpg,0.847,0.216,0.668,0.37,0.658,0.122,0.781,0.723,0.76,0.325
288,test,0,1,0,0,0,1,../video/frames/test/waiting/Novak Djokovic vs Roger Federer Full Match ｜ Australian Open 2016 Semi Final [uEDXMRYe0zo]_frame_6271.jpg,0.641,0.703,0.918,0.306,0.935,0.06,0.62,0.177,0.57,0.922
289,test,0,0,0,0,0,1,../video/frames/test/waiting/Roger Federer v Rafael Nadal Full Match ｜ Australian Open 2017 Final [KTCDxjJvs2U]_frame_0014.jpg,0.836,0.413,0.68,0.233,0.708,0.283,0.639,0.425,0.709,0.628
290,test,0,0,0,0,0,0,../video/frames/test/waiting/Roger Federer v Rafael Nadal Full Match ｜ Australian Open 2017 Final [KTCDxjJvs2U]_frame_1646.jpg,0.938,0.289,0.835,0.152,0.712,0.267,0.947,0.384,0.692,0.083
291,test,0,0,0,0,0,0,../video/frames/test/waiting/Roger Federer vs Rafael Nadal ｜ Wimbledon 2019 ｜ Full Match [wZnCcqm_g-E]_frame_0198.jpg,0.808,0.398,0.864,0.224,0.75,0.273,0.591,0.28,0.567,0.423
292,test,0,0,0,0,0,0,../video/frames/test/waiting/Roger Federer vs Rafael Nadal ｜ Wimbledon 2019 ｜ Full Match [wZnCcqm_g-E]_frame_0203.jpg,0.686,0.236,0.938,0.072,0.816,0.052,0.555,0.424,0.721,0.305
293,test,0,1,0,1,0,1,../video/frames/test/waiting/Roger Federer vs Rafael Nadal ｜ Wimbledon 2019 ｜ Full Match [wZnCcqm_g-E]_frame_0406.jpg,0.913,0.873,0.632,0.235,0.653,0.767,0.576,0.396,0.667,0.599
294,test,0,1,0,0,0,0,../video/frames/test/waiting/Roger Federer vs Rafael Nadal ｜ Wimbledon 2019 ｜ Full Match [wZnCcqm_g-E]_frame_0407.jpg,0.695,0.669,0.795,0.105,0.944,0.124,0.853,0.17,0.588,0.172
295,test,0,0,0,1,0,1,../video/frames/test/waiting/Serena Williams v Venus Williams Full Match ｜ Australian Open 2017 Final [tKIFQI9cH2c]_frame_0012.jpg,0.909,0.295,0.817,0.265,0.657,0.622,0.948,0.195,0.835,0.758
296,test,0,0,0,0,0,0,../video/frames/test/waiting/Serena Williams v Venus Williams Full Match ｜ Australian Open 2017 Final [tKIFQI9cH2c]_frame_0021.jpg,0.776,0.327,0.574,0.366,0.569,0.294,0.826,0.179,0.637,0.42
297,test,0,0,0,0,0,1,../video/frames/test/waiting/Serena Williams v Venus Williams Full Match ｜ Australian Open 2017 Final [tKIFQI9cH2c]_frame_2819.jpg,0.916,0.402,0.895,0.252,0.843,0.095,0.765,0.288,0.759,0.841
298,test,0,0,0,0,0,0,../video/frames/test/waiting/Serena Williams v Venus Williams Full Match ｜ Australian Open 2017 Final [tKIFQI9cH2c]_frame_3057.jpg,0.572,0.057,0.835,0.201,0.612,0.309,0.906,0.179,0.834,0.216
299,test,0,0,0,0,0,0,../video/frames/test/waiting/Serena Williams vs Angelique Kerber Full Match ｜ Australian Open 2016 Final [autIdKmAQqU]_frame_0007.jpg,0.659,0.365,0.717,0.37,0.934,0.287,0.818,0.28,0.877,0.262
300,test,0,0,0,0,0,1,../video/frames/test/waiting/Serena Williams vs Angelique Kerber Full Match ｜ Australian Open 2016 Final [autIdKmAQqU]_frame_0135.jpg,0.904,0.092,0.891,0.382,0.769,0.397,0.806,0.175,0.87,0.555
301,test,0,1,0,0,0,0,../video/frames/test/waiting/Serena Williams vs Angelique Kerber Full Match ｜ Australian Open 2016 Final [autIdKmAQqU]_frame_0205.jpg,0.717,0.554,0.701,0.413,0.676,0.294,0.848,0.215,0.912,0.364
302,test,0,0,0,0,0,0,../video/frames/test/waiting/Serena Williams vs Angelique Kerber Full Match ｜ Australian Open 2016 Final [autIdKmAQqU]_frame_7221.jpg,0.637,0.108,0.654,0.25,0.636,0.332,0.628,0.072,0.658,0.297
303,test,0,0,0,0,0,0,../video/frames/test/waiting/Serena Williams vs Angelique Kerber Full Match ｜ Australian Open 2016 Final [autIdKmAQqU]_frame_7222.jpg,0.617,0.273,0.65,0.36,0.599,0.102,0.934,0.234,0.645,0.13
304,test,0,0,0,0,0,0,../video/frames/test/waiting/Serena Williams vs Angelique Kerber Full Match ｜ Australian Open 2016 Final [autIdKmAQqU]_frame_7223.jpg,0.806,0.211,0.558,0.152,0.79,0.217,0.823,0.285,0.789,0.09
305,test,0,0,0,0,0,0,../video/frames/test/waiting/Serena Williams vs Angelique Kerber Full Match ｜ Australian Open 2016 Final [autIdKmAQqU]_frame_7224.jpg,0.746,0.157,0.747,0.204,0.606,0.403,0.632,0.259,0.657,0.051
306,test,0,0,0,0,0,0,../video/frames/test/waiting/Serena Williams vs Angelique Kerber Full Match ｜ Australian Open 2016 Final [autIdKmAQqU]_frame_7225.jpg,0.877,0.095,0.605,0.072,0.56,0.108,0.873,0.408,0.843,0.292
307,test,0,0,0,0,1,1,../video/frames/test/waiting/Serena Williams vs Angelique Kerber Full Match ｜ Australian Open 2016 Final [autIdKmAQqU]_frame_7226.jpg,0.705,0.329,0.76,0.209,0.627,0.063,0.792,0.714,0.772,0.794
308,test,0,0,0,1,1,1,../video/frames/test/waiting/Serena Williams vs Angelique Kerber Full Match ｜ Australian Open 2016 Final [autIdKmAQqU]_frame_7227.jpg,0.605,0.051,0.716,0.412,0.585,0.669,0.622,0.656,0.654,0.912
309,test,0,0,0,0,0,0,../video/frames/test/waiting/Serena Williams vs Angelique Kerber Full Match ｜ Australian Open 2016 Final [autIdKmAQqU]_frame_7228.jpg,0.818,0.19,0.787,0.184,0.848,0.163,0.839,0.104,0.88,0.365
310,test,0,0,0,0,0,0,../video/frames/test/waiting/Serena Williams vs Angelique Kerber Full Match ｜ Australian Open 2016 Final [autIdKmAQqU]_frame_7229.jpg,0.626,0.291,0.819,0.31,0.655,0.378,0.824,0.166,0.662,0.095
311,test,0,0,0,0,1,0,../video/frames/test/waiting/Serena Williams vs Angelique Kerber Full Match ｜ Australian Open 2016 Final [autIdKmAQqU]_frame_7230.jpg,0.851,0.418,0.794,0.12,0.788,0.066,0.892,0.69,0.55,0.2
312,test,0,1,0,1,1,1,../video/frames/test/waiting/Serena Williams vs Angelique Kerber Full Match ｜ Australian Open 2016 Final [autIdKmAQqU]_frame_7231.jpg,0.909,0.877,0.909,0.13,0.757,0.653,0.877,0.588,0.814,0.605
313,test,0,0,0,0,0,0,../video/frames/test/waiting/Serena Williams vs Angelique Kerber Full Match ｜ Australian Open 2016 Final [autIdKmAQqU]_frame_7232.jpg,0.672,0.207,0.664,0.091,0.76,0.124,0.647,0.361,0.557,0.427
314,test,0,0,0,0,0,0,../video/frames/test/waiting/Serena Williams vs Angelique Kerber Full Match ｜ Australian Open 2016 Final [autIdKmAQqU]_frame_7233.jpg,0.929,0.305,0.936,0.074,0.882,0.339,0.86,0.374,0.724,0.377
315,test,0,0,0,0,0,0,../video/frames/test/waiting/Serena Williams vs Angelique Kerber Full Match ｜ Australian Open 2016 Final [autIdKmAQqU]_frame_7234.jpg,0.783,0.42,0.876,0.14,0.934,0.148,0.725,0.325,0.678,0.08
316,test,0,0,0,0,0,0,../video/frames/test/waiting/Serena Williams vs Angelique Kerber Full Match ｜ Australian Open 2016 Final [autIdKmAQqU]_frame_7235.jpg,0.933,0.444,0.852,0.295,0.863,0.057,0.734,0.205,0.568,0.343
317,test,0,0,0,0,0,0,../video/frames/test/waiting/Serena Williams vs Angelique Kerber Full Match ｜ Australian Open 2016 Final [autIdKmAQqU]_frame_7236.jpg,0.864,0.265,0.793,0.257,0.67,0.417,0.853,0.425,0.944,0.075
318,test,0,0,0,0,0,0,../video/frames/test/waiting/Serena Williams vs Angelique Kerber Full Match ｜ Australian Open 2016 Final [autIdKmAQqU]_frame_7237.jpg,0.596,0.12,0.663,0.191,0.851,0.265,0.772,0.066,0.946,0.306
319,test,0,0,0,0,1,0,../video/frames/test/waiting/Serena Williams vs Angelique Kerber Full Match ｜ Australian Open 2016 Final [autIdKmAQqU]_frame_7238.jpg,0.946,0.248,0.567,0.19,0.935,0.069,0.654,0.743,0.784,0.104
320,test,0,0,0,0,1,0,../video/frames/test/waiting/Serena Williams vs Angelique Kerber Full Match ｜ Australian Open 2016 Final [autIdKmAQqU]_frame_7239.jpg,0.833,0.318,0.877,0.091,0.65,0.363,0.666,0.871,0.611,0.246
321,test,0,0,0,1,0,0,../video/frames/test/waiting/Serena Williams vs Angelique Kerber Full Match ｜ Australian Open 2016 Final [autIdKmAQqU]_frame_7240.jpg,0.777,0.272,0.558,0.342,0.855,0.668,0.898,0.35,0.58,0.369
322,test,0,0,0,1,0,0,../video/frames/test/waiting/Serena Williams vs Angelique Kerber Full Match ｜ Australian Open 2016 Final [autIdKmAQqU]_frame_7241.jpg,0.787,0.313,0.924,0.078,0.891,0.854,0.942,0.279,0.929,0.34
323,test,0,0,0,1,0,0,../video/frames/test/waiting/Serena Williams vs Angelique Kerber Full Match ｜ Australian Open 2016 Final [autIdKmAQqU]_frame_7242.jpg,0.814,0.189,0.799,0.246,0.642,0.896,0.762,0.223,0.833,0.077
324,test,0,0,0,1,0,0,../video/frames/test/waiting/Serena Williams vs Angelique Kerber Full Match ｜ Australian Open 2016 Final [autIdKmAQqU]_frame_7243.jpg,0.737,0.115,0.618,0.272,0.823,0.85,0.613,0.212,0.678,0.208
325,test,0,0,0,1,0,1,../video/frames/test/waiting/Serena Williams vs Angelique Kerber Full Match ｜ Australian Open 2016 Final [autIdKmAQqU]_frame_7244.jpg,0.845,0.16,0.767,0.18,0.729,0.568,0.932,0.417,0.719,0.93
326,test,0,0,0,1,0,1,../video/frames/test/waiting/Serena Williams vs Angelique Kerber Full Match ｜ Australian Open 2016 Final [autIdKmAQqU]_frame_7245.jpg,0.555,0.184,0.76,0.205,0.919,0.95,0.622,0.434,0.773,0.628
327,test,0,0,0,1,0,1,../video/frames/test/waiting/Serena Williams vs Angelique Kerber Full Match ｜ Australian Open 2016 Final [autIdKmAQqU]_frame_7246.jpg,0.665,0.094,0.609,0.215,0.626,0.659,0.626,0.077,0.932,0.933
328,test,0,0,0,0,0,0,../video/frames/test/waiting/Serena Williams vs Angelique Kerber Full Match ｜ Australian Open 2016 Final [autIdKmAQqU]_frame_7247.jpg,0.557,0.078,0.633,0.406,0.782,0.233,0.654,0.216,0.831,0.171
329,test,0,0,0,0,0,0,../video/frames/test/waiting/Serena Williams vs Angelique Kerber Full Match ｜ Australian Open 2016 Final [autIdKmAQqU]_frame_7248.jpg,0.764,0.407,0.567,0.387,0.869,0.238,0.818,0.394,0.805,0.08
330,test,0,0,0,0,0,0,../video/frames/test/waiting/Serena Williams vs Angelique Kerber Full Match ｜ Australian Open 2016 Final [autIdKmAQqU]_frame_7249.jpg,0.946,0.063,0.8,0.423,0.749,0.162,0.908,0.195,0.61,0.072
331,test,0,0,0,0,0,0,../video/frames/test/waiting/Serena Williams vs Angelique Kerber Full Match ｜ Australian Open 2016 Final [autIdKmAQqU]_frame_7250.jpg,0.771,0.051,0.819,0.353,0.734,0.05,0.941,0.318,0.923,0.436
332,test,0,0,0,0,0,0,../video/frames/test/waiting/Serena Williams vs Angelique Kerber Full Match ｜ Australian Open 2016 Final [autIdKmAQqU]_frame_7251.jpg,0.921,0.103,0.63,0.063,0.712,0.388,0.922,0.125,0.628,0.207
333,test,0,0,0,0,0,0,../video/frames/test/waiting/Serena Williams vs Angelique Kerber Full Match ｜ Australian Open 2016 Final [autIdKmAQqU]_frame_7252.jpg,0.71,0.279,0.84,0.089,0.929,0.071,0.632,0.296,0.748,0.051
334,test,0,0,0,0,0,0,../video/frames/test/waiting/Serena Williams vs Angelique Kerber Full Match ｜ Australian Open 2016 Final [autIdKmAQqU]_frame_7253.jpg,0.841,0.187,0.66,0.276,0.689,0.432,0.676,0.326,0.746,0.321
335,test,0,0,0,0,0,0,../video/frames/test/waiting/Serena Williams vs Angelique Kerber Full Match ｜ Australian Open 2016 Final [autIdKmAQqU]_frame_7254.jpg,0.939,0.434,0.65,0.068,0.661,0.301,0.616,0.142,0.567,0.102
336,test,0,0,0,0,0,0,../video/frames/test/waiting/Serena Williams vs Angelique Kerber Full Match ｜ Australian Open 2016 Final [autIdKmAQqU]_frame_7255.jpg,0.923,0.133,0.865,0.186,0.645,0.165,0.588,0.116,0.673,0.248
337,test,0,0,0,0,0,0,../video/frames/test/waiting/Serena Williams vs Angelique Kerber Full Match ｜ Australian Open 2016 Final [autIdKmAQqU]_frame_7256.jpg,0.647,0.244,0.771,0.217,0.928,0.436,0.837,0.437,0.82,0.069
338,test,0,0,0,0,0,0,../video/frames/test/waiting/Serena Williams vs Angelique Kerber Full Match ｜ Australian Open 2016 Final [autIdKmAQqU]_frame_7257.jpg,0.808,0.373,0.685,0.129,0.629,0.389,0.59,0.433,0.808,0.376
339,test,0,0,0,0,0,0,../video/frames/test/waiting/Serena Williams vs Angelique Kerber Full Match ｜ Australian Open 2016 Final [autIdKmAQqU]_frame_7258.jpg,0.854,0.368,0.61,0.446,0.575,0.448,0.924,0.367,0.804,0.389
340,test,0,0,0,0,0,0,../video/frames/test/waiting/Serena Williams vs Angelique Kerber Full Match ｜ Australian Open 2016 Final [autIdKmAQqU]_frame_7259.jpg,0.862,0.384,0.866,0.376,0.749,0.053,0.803,0.35,0.656,0.23
341,test,0,0,0,0,0,0,../video/frames/test/waiting/Serena Williams vs Angelique Kerber Full Match ｜ Australian Open 2016 Final [autIdKmAQqU]_frame_7260.jpg,0.933,0.065,0.698,0.296,0.872,0.066,0.843,0.079,0.747,0.136
342,test,0,0,0,0,0,0,../video/frames/test/waiting/Serena Williams vs Angelique Kerber Full Match ｜ Australian Open 2016 Final [autIdKmAQqU]_frame_7261.jpg,0.652,0.107,0.939,0.171,0.621,0.204,0.91,0.342,0.709,0.391
343,test,0,0,0,0,0,0,../video/frames/test/waiting/Serena Williams vs Angelique Kerber Full Match ｜ Australian Open 2016 Final [autIdKmAQqU]_frame_7262.jpg,0.856,0.253,0.636,0.052,0.562,0.244,0.933,0.117,0.765,0.346
344,test,0,0,0,0,0,0,../video/frames/test/waiting/Serena Williams vs Angelique Kerber Full Match ｜ Australian Open 2016 Final [autIdKmAQqU]_frame_7263.jpg,0.914,0.249,0.728,0.278,0.937,0.195,0.656,0.385,0.855,0.312
345,test,0,0,0,0,0,0,../video/frames/test/waiting/Serena Williams vs Angelique Kerber Full Match ｜ Australian Open 2016 Final [autIdKmAQqU]_frame_7264.jpg,0.598,0.39,0.718,0.279,0.674,0.127,0.81,0.399,0.795,0.361
346,test,0,0,0,0,0,0,../video/frames/test/waiting/Serena Williams vs Angelique Kerber Full Match ｜ Australian Open 2016 Final [autIdKmAQqU]_frame_7265.jpg,0.833,0.364,0.816,0.117,0.734,0.268,0.676,0.179,0.557,0.093
347,test,0,0,0,0,0,0,../video/frames/test/waiting/Serena Williams vs Angelique Kerber Full Match ｜ Australian Open 2016 Final [autIdKmAQqU]_frame_7266.jpg,0.661,0.134,0.653,0.156,0.769,0.25,0.802,0.361,0.595,0.274
348,test,0,0,0,0,0,0,../video/frames/test/waiting/Serena Williams vs Angelique Kerber Full Match ｜ Australian Open 2016 Final [autIdKmAQqU]_frame_7267.jpg,0.773,0.109,0.905,0.273,0.877,0.34,0.763,0.182,0.86,0.423
349,test,0,0,0,0,0,0,../video/frames/test/waiting/Serena Williams vs Angelique Kerber Full Match ｜ Australian Open 2016 Final [autIdKmAQqU]_frame_7268.jpg,0.89,0.16,0.614,0.166,0.645,0.168,0.729,0.413,0.875,0.384
350,test,0,0,0,0,0,0,../video/frames/test/waiting/Serena Williams vs Angelique Kerber Full Match ｜ Australian Open 2016 Final [autIdKmAQqU]_frame_7269.jpg,0.798,0.191,0.8,0.359,0.585,0.127,0.732,0.093,0.656,0.108
351,test,0,0,0,0,0,0,../video/frames/test/waiting/Serena Williams vs Angelique Kerber Full Match ｜ Australian Open 2016 Final [autIdKmAQqU]_frame_7270.jpg,0.677,0.415,0.756,0.149,0.837,0.175,0.815,0.408,0.697,0.228
352,test,0,0,0,0,0,0,../video/frames/test/waiting/Serena Williams vs Angelique Kerber Full Match ｜ Australian Open 2016 Final [autIdKmAQqU]_frame_7271.jpg,0.778,0.283,0.839,0.433,0.72,0.302,0.684,0.29,0.731,0.113
353,test,0,0,0,0,0,0,../video/frames/test/waiting/Serena Williams vs Angelique Kerber Full Match ｜ Australian Open 2016 Final [autIdKmAQqU]_frame_7272.jpg,0.882,0.237,0.574,0.155,0.892,0.356,0.917,0.259,0.577,0.254
354,test,0,0,0,0,0,0,../video/frames/test/waiting/Serena Williams vs Angelique Kerber Full Match ｜ Australian Open 2016 Final [autIdKmAQqU]_frame_7273.jpg,0.614,0.078,0.578,0.191,0.713,0.211,0.578,0.132,0.582,0.364
355,test,0,0,0,0,0,0,../video/frames/test/waiting/Serena Williams vs Angelique Kerber Full Match ｜ Australian Open 2016 Final [autIdKmAQqU]_frame_7274.jpg,0.756,0.071,0.901,0.315,0.625,0.442,0.842,0.166,0.725,0.102
356,test,0,0,0,1,0,1,../video/frames/test/waiting/Simona Halep vs Serena Williams ｜ Wimbledon 2019 Final (Full Match) [fduc5bZx3ss]_frame_0218.jpg,0.927,0.264,0.786,0.428,0.57,0.672,0.731,0.12,0.728,0.761
357,test,0,0,0,0,0,0,../video/frames/test/waiting/Simona Halep vs Serena Williams ｜ Wimbledon 2019 Final (Full Match) [fduc5bZx3ss]_frame_0491.jpg,0.702,0.212,0.879,0.397,0.756,0.283,0.647,0.152,0.623,0.112
358,test,0,1,0,0,0,0,../video/frames/test/waiting/Simona Halep vs Serena Williams ｜ Wimbledon 2019 Final (Full Match) [fduc5bZx3ss]_frame_0666.jpg,0.883,0.725,0.759,0.166,0.576,0.373,0.948,0.188,0.634,0.424
359,test,0,0,0,0,0,0,../video/frames/test/waiting/Steffi Graf vs Venus Williams ｜ 1999 Wimbledon Quarter-final Replayed [maGQ4ON4Qv8]_frame_0105.jpg,0.604,0.092,0.74,0.391,0.657,0.148,0.873,0.108,0.839,0.161
360,test,0,0,0,0,0,0,../video/frames/test/waiting/Steffi Graf vs Venus Williams ｜ 1999 Wimbledon Quarter-final Replayed [maGQ4ON4Qv8]_frame_2767.jpg,0.659,0.1,0.812,0.169,0.612,0.409,0.835,0.305,0.831,0.102
